,Epoch,Index number,Iteration time (sec),Training Stall time (sec)_gpu0,Training Stall time (sec)_gpu1,Training Stall time (sec)_gpu2,Training Stall time (sec)_gpu3,Training stall time (sec),Delay time (sec),Batch fetch time diff (sec),Batch fetch start time diff (sec)
0,1,0,9.643515137,8.667039577,8.706926139,8.770185137,8.700964146,8.770185137,0.10314555999999975,0.0,0.0
1,1,1,0.896029,2e-06,2e-06,6e-06,2e-06,6e-06,4.000000000000001e-06,0.0,0.0
2,1,2,0.8738159999999999,6e-06,2e-06,2e-06,2e-06,6e-06,4.000000000000001e-06,0.0,0.0
3,1,3,5.422481645,4.445137259,4.459553421,4.435786675,4.547713645,4.547713645,0.11192696999999985,0.0,0.0
4,1,4,0.894344,2e-06,2e-06,6e-06,2e-06,6e-06,4.000000000000001e-06,0.0,0.0
5,1,5,0.868769,2e-06,2e-06,2e-06,2e-06,2e-06,0.0,0.0,0.0
6,1,6,5.70269503,4.745643731,4.761441875,4.82443003,4.760381364,4.82443003,0.07878629899999989,0.0,0.0
7,1,7,0.896633,2e-06,2e-06,2e-06,2e-06,2e-06,0.0,0.0,0.0
8,1,8,0.868019,2e-06,2e-06,2e-06,2e-06,2e-06,0.0,0.0,0.0
9,1,9,4.748707192,3.850461906,3.8766344509999997,3.837767452,3.877828192,3.877828192,0.04006073999999993,0.0,0.0
10,1,10,0.89618,2e-06,2e-06,2e-06,2e-06,2e-06,0.0,0.0,0.0
11,1,11,0.869898,2e-06,2e-06,2e-06,2e-06,2e-06,0.0,0.0,0.0
12,1,12,4.419485457,3.535921052,3.5305933049999996,3.5348821839999998,3.5454074569999996,3.5454074569999996,0.014814152000000025,0.0,0.0
13,1,13,0.896621,2e-06,2e-06,2e-06,2e-06,2e-06,0.0,0.0,0.0
14,1,14,0.8733109999999998,2e-06,2e-06,2e-06,2e-06,2e-06,0.0,0.0,0.0
15,1,15,4.4290666949999995,3.5523306949999998,3.5502064210000004,3.519508511,3.5348033750000005,3.5523306949999998,0.03282218399999959,0.0,0.0
16,1,16,0.8970520000000001,2e-06,2e-06,5e-06,2e-06,5e-06,3.0000000000000005e-06,0.0,0.0
17,1,17,0.8730859999999999,2e-06,2e-06,2e-06,2e-06,2e-06,0.0,0.0,0.0
18,1,18,4.591666454,3.7081144540000004,3.627305702,3.616773192,3.6349126529999998,3.7081144540000004,0.09134126200000026,0.0,0.0
19,1,19,0.897792,2e-06,2e-06,2e-06,2e-06,2e-06,0.0,0.0,0.0
20,1,20,0.8685379999999999,2e-06,2e-06,2e-06,2e-06,2e-06,0.0,0.0,0.0
21,1,21,4.937072146,3.9979748589999997,3.984671039,3.981362957,4.058157146,4.058157146,0.07679418900000012,0.0,0.0
22,1,22,0.8955210000000001,2e-06,2e-06,5e-06,2e-06,5e-06,3.0000000000000005e-06,0.0,0.0
23,1,23,0.870051,2e-06,2e-06,2e-06,2e-06,2e-06,0.0,0.0,0.0
24,1,24,5.094139115999999,4.219644116,4.09937983,4.0961966180000005,4.136493437,4.219644116,0.1234474979999991,0.0,0.0
25,1,25,0.896946,2e-06,2e-06,6e-06,2e-06,6e-06,4.000000000000001e-06,0.0,0.0
26,1,26,0.871768,2e-06,2e-06,2e-06,2e-06,2e-06,0.0,0.0,0.0
27,1,27,4.920377203999999,3.8719381089999994,3.891460073,4.040442204,3.8914686150000004,4.040442204,0.1685040950000003,0.0,0.0
28,1,28,0.895388,2e-06,2e-06,2e-06,2e-06,2e-06,0.0,0.0,0.0
29,1,29,0.872251,2e-06,2e-06,2e-06,2e-06,2e-06,0.0,0.0,0.0
30,1,30,4.833765863,3.9588708630000005,3.9384306180000004,3.9528909789999997,3.94464054,3.9588708630000005,0.02044024500000008,0.0,0.0
31,1,31,0.8966899999999999,2e-06,2e-06,2e-06,2e-06,2e-06,0.0,0.0,0.0
32,1,32,0.8687309999999999,6e-06,2e-06,2e-06,2e-06,6e-06,4.000000000000001e-06,0.0,0.0
33,1,33,4.862570719,3.9823397279999995,3.982977719,3.9724934199999997,3.980935131,3.982977719,0.010484299000000252,0.0,0.0
34,1,34,0.8969860000000001,2e-06,3e-06,2e-06,2e-06,3e-06,1.0000000000000002e-06,0.0,0.0
35,1,35,0.874201,2e-06,2e-06,2e-06,2e-06,2e-06,0.0,0.0,0.0
36,1,36,4.969819786,4.077329786,4.07611758,4.056480478,4.038837154,4.077329786,0.03849263199999964,0.0,0.0
37,1,37,0.894522,2e-06,2e-06,2e-06,2e-06,2e-06,0.0,0.0,0.0
38,1,38,0.875001,2e-06,3e-06,2e-06,2e-06,3e-06,1.0000000000000002e-06,0.0,0.0
39,1,39,5.137738065,4.206450124,4.2610590649999995,4.225244630000001,4.2102141809999996,4.2610590649999995,0.05460894099999969,0.0,0.0
40,1,40,0.895078,2e-06,3e-06,2e-06,3e-06,3e-06,1.0000000000000002e-06,0.0,0.0
41,1,41,0.895888,2e-06,2e-06,2e-06,2e-06,2e-06,0.0,0.0,0.0
42,1,42,5.202088600000001,4.326955600000001,4.323375829000001,4.28026588,4.30637869,4.326955600000001,0.04668972000000071,0.0,0.0
43,1,43,0.896452,2e-06,2e-06,2e-06,3e-06,3e-06,1.0000000000000002e-06,0.0,0.0
44,1,44,0.8688189999999999,2e-06,2e-06,2e-06,2e-06,2e-06,0.0,0.0,0.0
45,1,45,5.273630343,4.399620143,4.393693173000001,4.402279343,4.39830334,4.402279343,0.008586169999999171,0.0,0.0
46,1,46,0.897827,2e-06,2e-06,2e-06,2e-06,2e-06,0.0,0.0,0.0
47,1,47,0.8726809999999999,2e-06,2e-06,2e-06,2e-06,2e-06,0.0,0.0,0.0
48,1,48,5.001708423,4.117313652,4.127526423,4.110499537,4.109909388999999,4.127526423,0.017617034000000587,0.0,0.0
49,1,49,0.898443,2e-06,2e-06,2e-06,2e-06,2e-06,0.0,0.0,0.0
50,1,50,0.897478,2e-06,2e-06,2e-06,2e-06,2e-06,0.0,0.0,0.0
51,1,51,4.743389635,3.8706246350000004,3.8516009569999996,3.8379162219999996,3.8374661850000003,3.8706246350000004,0.03315845000000017,0.0,0.0
52,1,52,0.894326,2e-06,2e-06,2e-06,2e-06,2e-06,0.0,0.0,0.0
53,1,53,0.892564,2e-06,2e-06,2e-06,2e-06,2e-06,0.0,0.0,0.0
54,1,54,4.635293058999999,3.761866059,3.7187326300000003,3.717923105,3.7324402049999996,3.761866059,0.04394295399999981,0.0,0.0
55,1,55,0.896577,2e-06,2e-06,2e-06,2e-06,2e-06,0.0,0.0,0.0
56,1,56,0.895264,2e-06,2e-06,2e-06,2e-06,2e-06,0.0,0.0,0.0
57,1,57,4.3579014879999995,3.484722945,3.465231579,3.4877284879999997,3.4866759870000004,3.4877284879999997,0.022496908999999565,0.0,0.0
58,1,58,0.8972289999999999,2e-06,2e-06,2e-06,2e-06,2e-06,0.0,0.0,0.0
59,1,59,0.895048,2e-06,2e-06,2e-06,2e-06,2e-06,0.0,0.0,0.0
60,1,60,4.349465285000001,3.475568285,3.4322937400000004,3.42120588,3.425388093,3.475568285,0.054362405,0.0,0.0
61,1,61,0.896636,2e-06,2e-06,2e-06,2e-06,2e-06,0.0,0.0,0.0
62,1,62,0.894729,2e-06,2e-06,2e-06,2e-06,2e-06,0.0,0.0,0.0
63,1,63,3.5688761870000003,2.667252574,2.697503187,2.657957992,2.695946247,2.697503187,0.03954519500000009,0.0,0.0
64,1,64,0.896106,2e-06,2e-06,2e-06,2e-06,2e-06,0.0,0.0,0.0
65,1,65,0.892044,2e-06,2e-06,2e-06,2e-06,2e-06,0.0,0.0,0.0
66,1,66,3.4916845389999995,2.6060194020000003,2.601812858,2.547478201,2.6146515389999996,2.6146515389999996,0.06717333799999947,0.0,0.0
67,1,67,0.8960130000000001,2e-06,3e-06,2e-06,2e-06,3e-06,1.0000000000000002e-06,0.0,0.0
68,1,68,0.896131,2e-06,2e-06,2e-06,2e-06,2e-06,0.0,0.0,0.0
69,1,69,3.152028329,2.2793423290000003,2.224058521,2.2450912250000004,2.2577209240000005,2.2793423290000003,0.055283808000000434,0.0,0.0
70,1,70,0.897779,2e-06,2e-06,2e-06,2e-06,2e-06,0.0,0.0,0.0
71,1,71,0.892163,2e-06,2e-06,2e-06,2e-06,2e-06,0.0,0.0,0.0
72,1,72,3.763474987,2.892484987,2.8904734249999997,2.821522679,2.864756909,2.892484987,0.07096230799999992,0.0,0.0
73,1,73,0.898562,2e-06,3e-06,2e-06,2e-06,3e-06,1.0000000000000002e-06,0.0,0.0
74,1,74,0.896466,2e-06,2e-06,2e-06,2e-06,2e-06,0.0,0.0,0.0
75,1,75,1.9473987780000002,1.0540401380000004,1.0763017779999995,0.9847327849999999,1.046053299,1.0763017779999995,0.09156899299999954,0.0,0.0
76,1,76,0.894288,2e-06,2e-06,2e-06,2e-06,2e-06,0.0,0.0,0.0
77,1,77,0.893527,2e-06,2e-06,2e-06,2e-06,2e-06,0.0,0.0,0.0
78,1,78,2.020343768,1.1444606300000002,1.1106929480000005,1.144639768,1.1012066519999997,1.144639768,0.04343311600000033,0.0,0.0
79,1,79,0.893796,2e-06,2e-06,2e-06,2e-06,2e-06,0.0,0.0,0.0
80,1,80,0.89448,2e-06,2e-06,5e-06,2e-06,5e-06,3.0000000000000005e-06,0.0,0.0
81,1,81,1.5686563209999997,0.692279321,0.6852777850000003,0.645968783,0.6349111110000001,0.692279321,0.05736820999999992,0.0,0.0
82,1,82,0.901073,2e-06,2e-06,2e-06,2e-06,2e-06,0.0,0.0,0.0
83,1,83,0.895079,2e-06,2e-06,6e-06,2e-06,6e-06,4.000000000000001e-06,0.0,0.0
84,1,84,2.067954609,1.184509609,1.1784650509999999,1.143304734,1.1614376049999997,1.184509609,0.04120487500000003,0.0,0.0
85,1,85,0.895184,2e-06,3e-06,2e-06,2e-06,3e-06,1.0000000000000002e-06,0.0,0.0
86,1,86,0.895141,2e-06,2e-06,2e-06,2e-06,2e-06,0.0,0.0,0.0
87,1,87,1.9089317479999997,1.0270504989999996,1.032898748,1.023133402,1.0283783519999998,1.032898748,0.009765346000000008,0.0,0.0
88,1,88,0.896226,2e-06,2e-06,2e-06,2e-06,2e-06,0.0,0.0,0.0
89,1,89,0.893673,2e-06,2e-06,6e-06,2e-06,6e-06,4.000000000000001e-06,0.0,0.0
90,1,90,1.8633653920000004,0.9686452790000004,0.9810703920000003,0.949818009,0.9705713179999997,0.9810703920000003,0.03125238300000033,0.0,0.0
91,1,91,0.894761,2e-06,2e-06,2e-06,2e-06,2e-06,0.0,0.0,0.0
92,1,92,0.894278,2e-06,2e-06,6e-06,2e-06,6e-06,4.000000000000001e-06,0.0,0.0
93,1,93,2.536432769,1.570362846,1.5808248459999996,1.661394769,1.5688455369999996,1.661394769,0.09254923200000031,0.0,0.0
94,1,94,0.898226,2e-06,2e-06,2e-06,2e-06,2e-06,0.0,0.0,0.0
95,1,95,0.892919,2e-06,2e-06,6e-06,2e-06,6e-06,4.000000000000001e-06,0.0,0.0
96,1,96,2.1111522370000007,1.22320575,1.227512397,1.207045615,1.2281932370000002,1.2281932370000002,0.0211476220000002,0.0,0.0
97,1,97,0.897501,2e-06,2e-06,2e-06,2e-06,2e-06,0.0,0.0,0.0
98,1,98,0.895811,2e-06,2e-06,2e-06,2e-06,2e-06,0.0,0.0,0.0
99,1,99,2.1610393500000002,1.2651770999999998,1.278330714,1.244613837,1.2866273499999998,1.2866273499999998,0.04201351299999989,0.0,0.0
100,1,100,0.898888,2e-06,2e-06,2e-06,2e-06,2e-06,0.0,0.0,0.0
101,1,101,0.896397,2e-06,2e-06,6e-06,2e-06,6e-06,4.000000000000001e-06,0.0,0.0
102,1,102,2.2532981319999994,1.3670874719999997,1.3757461319999997,1.369230318,1.353982077,1.3757461319999997,0.021764054999999782,0.0,0.0
103,1,103,0.896705,2e-06,2e-06,2e-06,2e-06,2e-06,0.0,0.0,0.0
104,1,104,0.897261,2e-06,2e-06,6e-06,2e-06,6e-06,4.000000000000001e-06,0.0,0.0
105,1,105,1.9486843030000003,1.0423388999999998,1.0688733030000002,1.067721888,1.0551119089999998,1.0688733030000002,0.026534403000000317,0.0,0.0
106,1,106,0.896718,2e-06,1e-06,2e-06,2e-06,2e-06,1e-06,0.0,0.0
107,1,107,0.89665,2e-06,2e-06,6e-06,2e-06,6e-06,4.000000000000001e-06,0.0,0.0
108,1,108,1.9492507549999996,1.0628921229999992,1.0727827549999995,1.041754819,1.0280233029999999,1.0727827549999995,0.044759451999999644,0.0,0.0
109,1,109,0.895674,2e-06,2e-06,2e-06,2e-06,2e-06,0.0,0.0,0.0
110,1,110,0.893513,2e-06,2e-06,2e-06,2e-06,2e-06,0.0,0.0,0.0
111,1,111,1.4104728829999997,0.48237996800000005,0.5050185689999998,0.539134883,0.4911325780000002,0.539134883,0.05675491499999996,0.0,0.0
112,1,112,0.894033,2e-06,2e-06,2e-06,2e-06,2e-06,0.0,0.0,0.0
113,1,113,0.892584,2e-06,2e-06,6e-06,2e-06,6e-06,4.000000000000001e-06,0.0,0.0
114,1,114,2.1065879460000003,1.2190093490000002,1.2269550489999999,2e-06,1.234425945999999,1.234425945999999,1.234423945999999,0.0,0.0
115,1,115,0.895577,2e-06,2e-06,2e-06,2e-06,2e-06,0.0,0.0,0.0
116,1,116,0.895812,2e-06,2e-06,6e-06,2e-06,6e-06,4.000000000000001e-06,0.0,0.0
117,1,117,0.8724889999999995,2e-06,2e-06,2e-06,2e-06,2e-06,0.0,0.0,0.0
118,1,118,0.894752,2e-06,2e-06,2e-06,2e-06,2e-06,0.0,0.0,0.0
119,1,119,0.896102,2e-06,2e-06,6e-06,2e-06,6e-06,4.000000000000001e-06,0.0,0.0
120,1,120,0.8692059999999998,2e-06,2e-06,2e-06,2e-06,2e-06,0.0,0.0,0.0
121,1,121,0.893058,2e-06,2e-06,2e-06,2e-06,2e-06,0.0,0.0,0.0
122,1,122,0.894334,2e-06,2e-06,5e-06,2e-06,5e-06,3.0000000000000005e-06,0.0,0.0
123,1,123,0.871819,2e-06,2e-06,2e-06,2e-06,2e-06,0.0,0.0,0.0
124,1,124,0.897167,2e-06,2e-06,2e-06,2e-06,2e-06,0.0,0.0,0.0
125,1,125,0.895522,2e-06,2e-06,2e-06,2e-06,2e-06,0.0,0.0,0.0
126,1,126,0.874494,2e-06,2e-06,2e-06,2e-06,2e-06,0.0,0.0,0.0
127,1,127,0.896946,2e-06,2e-06,2e-06,2e-06,2e-06,0.0,0.0,0.0
128,1,128,0.896476,2e-06,2e-06,2e-06,2e-06,2e-06,0.0,0.0,0.0
129,1,129,0.8726820000000007,2e-06,2e-06,2e-06,2e-06,2e-06,0.0,0.0,0.0
130,1,130,0.896932,2e-06,2e-06,2e-06,2e-06,2e-06,0.0,0.0,0.0
131,1,131,0.899089,2e-06,2e-06,6e-06,2e-06,6e-06,4.000000000000001e-06,0.0,0.0
132,1,132,0.8715379999999998,2e-06,2e-06,2e-06,2e-06,2e-06,0.0,0.0,0.0
133,1,133,0.8945439999999999,2e-06,2e-06,2e-06,2e-06,2e-06,0.0,0.0,0.0
134,1,134,0.894934,2e-06,2e-06,6e-06,2e-06,6e-06,4.000000000000001e-06,0.0,0.0
135,1,135,0.8743110000000002,2e-06,2e-06,2e-06,2e-06,2e-06,0.0,0.0,0.0
136,1,136,0.896484,2e-06,2e-06,2e-06,2e-06,2e-06,0.0,0.0,0.0
137,1,137,0.896932,2e-06,2e-06,6e-06,2e-06,6e-06,4.000000000000001e-06,0.0,0.0
138,1,138,0.8713329999999996,2e-06,2e-06,2e-06,2e-06,2e-06,0.0,0.0,0.0
139,1,139,0.895281,2e-06,3e-06,2e-06,2e-06,3e-06,1.0000000000000002e-06,0.0,0.0
140,1,140,0.896031,2e-06,2e-06,2e-06,2e-06,2e-06,0.0,0.0,0.0
141,1,141,0.8703200000000001,2e-06,2e-06,2e-06,2e-06,2e-06,0.0,0.0,0.0
142,1,142,0.896961,2e-06,2e-06,2e-06,2e-06,2e-06,0.0,0.0,0.0
143,1,143,0.896577,2e-06,2e-06,2e-06,2e-06,2e-06,0.0,0.0,0.0
144,1,144,1.470712318,0.5988023180000002,0.5667052040000007,2e-06,0.5688164090000001,0.5988023180000002,0.5988003180000002,0.0,0.0
145,1,145,0.890843,2e-06,2e-06,2e-06,2e-06,2e-06,0.0,0.0,0.0
146,1,146,0.891636,2e-06,2e-06,2e-06,2e-06,2e-06,0.0,0.0,0.0
147,1,147,0.8696119999999997,2e-06,2e-06,2e-06,2e-06,2e-06,0.0,0.0,0.0
148,1,148,0.898311,2e-06,2e-06,2e-06,2e-06,2e-06,0.0,0.0,0.0
149,1,149,0.8963,2e-06,2e-06,2e-06,2e-06,2e-06,0.0,0.0,0.0
150,1,150,0.8771019999999995,2e-06,2e-06,2e-06,2e-06,2e-06,0.0,0.0,0.0
151,1,151,0.89669,2e-06,2e-06,2e-06,2e-06,2e-06,0.0,0.0,0.0
152,1,152,0.896045,2e-06,2e-06,6e-06,2e-06,6e-06,4.000000000000001e-06,0.0,0.0
153,1,153,0.87417,2e-06,2e-06,2e-06,2e-06,2e-06,0.0,0.0,0.0
154,1,154,0.897526,2e-06,2e-06,2e-06,2e-06,2e-06,0.0,0.0,0.0
155,1,155,0.895226,2e-06,2e-06,2e-06,2e-06,2e-06,0.0,0.0,0.0
156,1,156,0.8737330000000002,2e-06,2e-06,2e-06,2e-06,2e-06,0.0,0.0,0.0
157,1,157,0.896664,2e-06,2e-06,2e-06,2e-06,2e-06,0.0,0.0,0.0
158,1,158,0.897444,2e-06,2e-06,2e-06,2e-06,2e-06,0.0,0.0,0.0
159,1,159,0.871247,2e-06,2e-06,2e-06,2e-06,2e-06,0.0,0.0,0.0
160,1,160,0.894688,2e-06,2e-06,2e-06,6e-06,6e-06,4.000000000000001e-06,0.0,0.0
161,1,161,0.89411,2e-06,2e-06,6e-06,2e-06,6e-06,4.000000000000001e-06,0.0,0.0
162,1,162,0.8742089999999992,2e-06,2e-06,2e-06,2e-06,2e-06,0.0,0.0,0.0
163,1,163,0.895422,2e-06,2e-06,6e-06,2e-06,6e-06,4.000000000000001e-06,0.0,0.0
164,1,164,0.893653,2e-06,2e-06,6e-06,2e-06,6e-06,4.000000000000001e-06,0.0,0.0
165,1,165,0.8741510000000009,2e-06,2e-06,2e-06,2e-06,2e-06,0.0,0.0,0.0
166,1,166,0.896383,2e-06,2e-06,6e-06,2e-06,6e-06,4.000000000000001e-06,0.0,0.0
167,1,167,0.899942,2e-06,2e-06,6e-06,2e-06,6e-06,4.000000000000001e-06,0.0,0.0
168,1,168,0.8722269999999993,2e-06,2e-06,2e-06,2e-06,2e-06,0.0,0.0,0.0
169,1,169,0.896196,2e-06,2e-06,2e-06,3e-06,3e-06,1.0000000000000002e-06,0.0,0.0
170,1,170,0.894977,2e-06,2e-06,6e-06,2e-06,6e-06,4.000000000000001e-06,0.0,0.0
171,1,171,0.875549,2e-06,2e-06,2e-06,2e-06,2e-06,0.0,0.0,0.0
172,1,172,0.894731,6e-06,2e-06,2e-06,2e-06,6e-06,4.000000000000001e-06,0.0,0.0
173,1,173,0.89571,2e-06,2e-06,6e-06,2e-06,6e-06,4.000000000000001e-06,0.0,0.0
174,1,174,0.870656,2e-06,2e-06,2e-06,2e-06,2e-06,0.0,0.0,0.0
175,1,175,0.89685,2e-06,2e-06,2e-06,2e-06,2e-06,0.0,0.0,0.0
176,1,176,0.895255,2e-06,2e-06,2e-06,6e-06,6e-06,4.000000000000001e-06,0.0,0.0
177,1,177,0.8689780000000008,2e-06,2e-06,2e-06,2e-06,2e-06,0.0,0.0,0.0
178,1,178,0.894305,2e-06,3e-06,6e-06,2e-06,6e-06,4.000000000000001e-06,0.0,0.0
179,1,179,0.892746,2e-06,2e-06,6e-06,2e-06,6e-06,4.000000000000001e-06,0.0,0.0
180,1,180,0.8740010000000004,2e-06,2e-06,2e-06,2e-06,2e-06,0.0,0.0,0.0
181,1,181,0.895614,2e-06,2e-06,2e-06,2e-06,2e-06,0.0,0.0,0.0
182,1,182,0.894432,2e-06,4e-06,2e-06,2e-06,4e-06,2e-06,0.0,0.0
183,1,183,0.870491,2e-06,2e-06,2e-06,2e-06,2e-06,0.0,0.0,0.0
184,1,184,0.898089,2e-06,2e-06,6e-06,2e-06,6e-06,4.000000000000001e-06,0.0,0.0
185,1,185,0.896201,2e-06,2e-06,5e-06,2e-06,5e-06,3.0000000000000005e-06,0.0,0.0
186,1,186,0.8710269999999994,2e-06,2e-06,2e-06,2e-06,2e-06,0.0,0.0,0.0
187,1,187,0.895358,2e-06,3e-06,2e-06,2e-06,3e-06,1.0000000000000002e-06,0.0,0.0
188,1,188,0.89491,2e-06,3e-06,6e-06,2e-06,6e-06,4.000000000000001e-06,0.0,0.0
189,1,189,0.8707699999999999,2e-06,2e-06,2e-06,2e-06,2e-06,0.0,0.0,0.0
190,1,190,0.894163,6e-06,2e-06,6e-06,2e-06,6e-06,4.000000000000001e-06,0.0,0.0
191,1,191,0.895418,2e-06,2e-06,6e-06,2e-06,6e-06,4.000000000000001e-06,0.0,0.0
192,1,192,0.8693709999999998,2e-06,2e-06,2e-06,2e-06,2e-06,0.0,0.0,0.0
193,1,193,0.895057,2e-06,2e-06,2e-06,2e-06,2e-06,0.0,0.0,0.0
194,1,194,0.89501,2e-06,2e-06,5e-06,2e-06,5e-06,3.0000000000000005e-06,0.0,0.0
195,1,195,0.8686649999999997,2e-06,2e-06,2e-06,2e-06,2e-06,0.0,0.0,0.0
196,1,196,0.895196,2e-06,2e-06,2e-06,2e-06,2e-06,0.0,0.0,0.0
197,1,197,0.896089,2e-06,2e-06,2e-06,2e-06,2e-06,0.0,0.0,0.0
198,1,198,0.8714700000000001,2e-06,2e-06,2e-06,2e-06,2e-06,0.0,0.0,0.0
199,1,199,0.897832,2e-06,2e-06,2e-06,2e-06,2e-06,0.0,0.0,0.0
200,1,200,0.894503,2e-06,2e-06,2e-06,2e-06,2e-06,0.0,0.0,0.0
201,1,201,0.8705140000000006,2e-06,2e-06,2e-06,2e-06,2e-06,0.0,0.0,0.0
202,1,202,0.8986,6e-06,2e-06,2e-06,2e-06,6e-06,4.000000000000001e-06,0.0,0.0
203,1,203,0.897955,2e-06,2e-06,6e-06,2e-06,6e-06,4.000000000000001e-06,0.0,0.0
204,1,204,0.8718270000000002,2e-06,2e-06,2e-06,2e-06,2e-06,0.0,0.0,0.0
205,1,205,0.89706,6e-06,2e-06,5e-06,2e-06,6e-06,4.000000000000001e-06,0.0,0.0
206,1,206,0.898273,2e-06,6e-06,5e-06,2e-06,6e-06,4.000000000000001e-06,0.0,0.0
207,1,207,0.8717159999999998,2e-06,2e-06,2e-06,2e-06,2e-06,0.0,0.0,0.0
208,1,208,0.895059,5e-06,2e-06,2e-06,2e-06,5e-06,3.0000000000000005e-06,0.0,0.0
209,1,209,0.896248,2e-06,2e-06,2e-06,2e-06,2e-06,0.0,0.0,0.0
210,1,210,0.8755760000000002,2e-06,2e-06,2e-06,2e-06,2e-06,0.0,0.0,0.0
211,1,211,0.896284,6e-06,2e-06,2e-06,2e-06,6e-06,4.000000000000001e-06,0.0,0.0
212,1,212,0.895303,2e-06,2e-06,6e-06,2e-06,6e-06,4.000000000000001e-06,0.0,0.0
213,1,213,0.874869,2e-06,2e-06,2e-06,2e-06,2e-06,0.0,0.0,0.0
214,1,214,0.893839,2e-06,2e-06,2e-06,2e-06,2e-06,0.0,0.0,0.0
215,1,215,0.894777,2e-06,2e-06,6e-06,3e-06,6e-06,4.000000000000001e-06,0.0,0.0
216,1,216,0.8956670000000001,2e-06,2e-06,2e-06,2e-06,2e-06,0.0,0.0,0.0
217,1,217,0.898508,6e-06,2e-06,2e-06,2e-06,6e-06,4.000000000000001e-06,0.0,0.0
218,1,218,0.898671,2e-06,2e-06,6e-06,2e-06,6e-06,4.000000000000001e-06,0.0,0.0
219,1,219,0.8741109999999997,2e-06,2e-06,2e-06,2e-06,2e-06,0.0,0.0,0.0
220,1,220,0.898085,6e-06,2e-06,2e-06,2e-06,6e-06,4.000000000000001e-06,0.0,0.0
221,1,221,0.897155,2e-06,2e-06,6e-06,2e-06,6e-06,4.000000000000001e-06,0.0,0.0
222,1,222,0.8769030000000001,2e-06,2e-06,2e-06,2e-06,2e-06,0.0,0.0,0.0
223,1,223,0.895649,2e-06,2e-06,2e-06,2e-06,2e-06,0.0,0.0,0.0
224,1,224,0.895315,2e-06,2e-06,2e-06,2e-06,2e-06,0.0,0.0,0.0
225,1,225,0.8750749999999995,2e-06,2e-06,2e-06,2e-06,2e-06,0.0,0.0,0.0
226,1,226,0.897164,2e-06,2e-06,2e-06,2e-06,2e-06,0.0,0.0,0.0
227,1,227,0.89713,6e-06,2e-06,6e-06,2e-06,6e-06,4.000000000000001e-06,0.0,0.0
228,1,228,0.8832839999999993,2e-06,2e-06,3e-06,2e-06,3e-06,1.0000000000000002e-06,0.0,0.0
229,1,229,0.896845,2e-06,2e-06,2e-06,2e-06,2e-06,0.0,0.0,0.0
230,1,230,0.895785,2e-06,2e-06,6e-06,2e-06,6e-06,4.000000000000001e-06,0.0,0.0
231,1,231,0.8729159999999997,2e-06,2e-06,2e-06,2e-06,2e-06,0.0,0.0,0.0
232,1,232,0.894522,6e-06,2e-06,2e-06,2e-06,6e-06,4.000000000000001e-06,0.0,0.0
233,1,233,0.89318,6e-06,2e-06,2e-06,2e-06,6e-06,4.000000000000001e-06,0.0,0.0
234,1,234,0.8769840000000008,2e-06,2e-06,2e-06,2e-06,2e-06,0.0,0.0,0.0
235,1,235,0.894578,2e-06,2e-06,2e-06,2e-06,2e-06,0.0,0.0,0.0
236,1,236,0.895192,2e-06,2e-06,2e-06,2e-06,2e-06,0.0,0.0,0.0
237,1,237,0.871438,2e-06,2e-06,2e-06,2e-06,2e-06,0.0,0.0,0.0
238,1,238,0.893845,2e-06,2e-06,2e-06,2e-06,2e-06,0.0,0.0,0.0
239,1,239,0.892484,2e-06,2e-06,6e-06,2e-06,6e-06,4.000000000000001e-06,0.0,0.0
240,1,240,0.8684379999999999,2e-06,2e-06,2e-06,2e-06,2e-06,0.0,0.0,0.0
241,1,241,0.895919,2e-06,2e-06,2e-06,2e-06,2e-06,0.0,0.0,0.0
242,1,242,0.895541,2e-06,2e-06,6e-06,2e-06,6e-06,4.000000000000001e-06,0.0,0.0
243,1,243,0.8800700000000005,2e-06,2e-06,2e-06,2e-06,2e-06,0.0,0.0,0.0
244,1,244,0.898398,2e-06,2e-06,2e-06,2e-06,2e-06,0.0,0.0,0.0
245,1,245,0.8961439999999999,2e-06,2e-06,2e-06,2e-06,2e-06,0.0,0.0,0.0
246,1,246,0.8736539999999998,2e-06,2e-06,2e-06,2e-06,2e-06,0.0,0.0,0.0
247,1,247,0.895373,2e-06,2e-06,2e-06,2e-06,2e-06,0.0,0.0,0.0
248,1,248,0.895632,2e-06,2e-06,6e-06,2e-06,6e-06,4.000000000000001e-06,0.0,0.0
249,1,249,0.877989,2e-06,2e-06,2e-06,2e-06,2e-06,0.0,0.0,0.0
250,1,250,0.893873,2e-06,2e-06,2e-06,2e-06,2e-06,0.0,0.0,0.0
251,1,251,0.894291,2e-06,2e-06,6e-06,2e-06,6e-06,4.000000000000001e-06,0.0,0.0
252,1,252,0.8757340000000001,2e-06,2e-06,2e-06,2e-06,2e-06,0.0,0.0,0.0
253,1,253,0.895582,2e-06,2e-06,2e-06,2e-06,2e-06,0.0,0.0,0.0
254,1,254,0.894714,2e-06,2e-06,2e-06,2e-06,2e-06,0.0,0.0,0.0
255,1,255,0.8759250000000002,2e-06,2e-06,2e-06,2e-06,2e-06,0.0,0.0,0.0
256,1,256,0.896082,2e-06,2e-06,2e-06,2e-06,2e-06,0.0,0.0,0.0
257,1,257,0.895561,2e-06,3e-06,6e-06,2e-06,6e-06,4.000000000000001e-06,0.0,0.0
258,1,258,0.8758529999999999,2e-06,2e-06,2e-06,2e-06,2e-06,0.0,0.0,0.0
259,1,259,0.897545,2e-06,3e-06,2e-06,2e-06,3e-06,1.0000000000000002e-06,0.0,0.0
260,1,260,0.897023,2e-06,2e-06,6e-06,2e-06,6e-06,4.000000000000001e-06,0.0,0.0
261,1,261,0.8738150000000001,2e-06,2e-06,2e-06,2e-06,2e-06,0.0,0.0,0.0
262,1,262,0.8962420000000001,5e-06,2e-06,2e-06,2e-06,5e-06,3.0000000000000005e-06,0.0,0.0
263,1,263,0.897113,6e-06,2e-06,2e-06,2e-06,6e-06,4.000000000000001e-06,0.0,0.0
264,1,264,0.8702339999999996,2e-06,2e-06,2e-06,2e-06,2e-06,0.0,0.0,0.0
265,1,265,0.897342,2e-06,2e-06,2e-06,2e-06,2e-06,0.0,0.0,0.0
266,1,266,0.895399,2e-06,2e-06,2e-06,2e-06,2e-06,0.0,0.0,0.0
267,1,267,0.8761889999999998,2e-06,2e-06,2e-06,2e-06,2e-06,0.0,0.0,0.0
268,1,268,0.895489,6e-06,2e-06,2e-06,2e-06,6e-06,4.000000000000001e-06,0.0,0.0
269,1,269,0.893752,2e-06,2e-06,2e-06,2e-06,2e-06,0.0,0.0,0.0
270,1,270,0.8675639999999994,2e-06,2e-06,2e-06,2e-06,2e-06,0.0,0.0,0.0
271,1,271,0.8956710000000001,5e-06,2e-06,2e-06,2e-06,5e-06,3.0000000000000005e-06,0.0,0.0
272,1,272,0.896697,2e-06,2e-06,2e-06,2e-06,2e-06,0.0,0.0,0.0
273,1,273,0.8717820000000002,2e-06,2e-06,2e-06,2e-06,2e-06,0.0,0.0,0.0
274,1,274,0.896366,6e-06,2e-06,2e-06,2e-06,6e-06,4.000000000000001e-06,0.0,0.0
275,1,275,0.893474,2e-06,3e-06,2e-06,2e-06,3e-06,1.0000000000000002e-06,0.0,0.0
276,1,276,0.8722770000000001,2e-06,2e-06,2e-06,2e-06,2e-06,0.0,0.0,0.0
277,1,277,0.895673,2e-06,3e-06,2e-06,2e-06,3e-06,1.0000000000000002e-06,0.0,0.0
278,1,278,0.894049,2e-06,2e-06,6e-06,2e-06,6e-06,4.000000000000001e-06,0.0,0.0
279,1,279,0.8698000000000002,2e-06,2e-06,2e-06,2e-06,2e-06,0.0,0.0,0.0
280,1,280,0.895542,2e-06,2e-06,2e-06,2e-06,2e-06,0.0,0.0,0.0
281,1,281,0.896584,2e-06,2e-06,6e-06,2e-06,6e-06,4.000000000000001e-06,0.0,0.0
282,1,282,0.8717840000000004,2e-06,2e-06,2e-06,2e-06,2e-06,0.0,0.0,0.0
283,1,283,0.89692,6e-06,2e-06,2e-06,2e-06,6e-06,4.000000000000001e-06,0.0,0.0
284,1,284,0.895304,5e-06,2e-06,6e-06,2e-06,6e-06,4.000000000000001e-06,0.0,0.0
285,1,285,0.8711509999999999,2e-06,2e-06,2e-06,2e-06,2e-06,0.0,0.0,0.0
286,1,286,0.89417,2e-06,3e-06,2e-06,2e-06,3e-06,1.0000000000000002e-06,0.0,0.0
287,1,287,0.895284,6e-06,2e-06,6e-06,2e-06,6e-06,4.000000000000001e-06,0.0,0.0
288,1,288,0.871444,2e-06,2e-06,2e-06,2e-06,2e-06,0.0,0.0,0.0
289,1,289,0.894895,2e-06,2e-06,2e-06,2e-06,2e-06,0.0,0.0,0.0
290,1,290,0.89506,6e-06,2e-06,6e-06,3e-06,6e-06,4.000000000000001e-06,0.0,0.0
291,1,291,0.8718900000000002,2e-06,2e-06,2e-06,2e-06,2e-06,0.0,0.0,0.0
292,1,292,0.894919,6e-06,2e-06,2e-06,2e-06,6e-06,4.000000000000001e-06,0.0,0.0
293,1,293,0.893581,2e-06,2e-06,6e-06,2e-06,6e-06,4.000000000000001e-06,0.0,0.0
294,1,294,0.8725169999999999,2e-06,2e-06,2e-06,2e-06,2e-06,0.0,0.0,0.0
295,1,295,0.894989,2e-06,2e-06,2e-06,2e-06,2e-06,0.0,0.0,0.0
296,1,296,0.893506,6e-06,2e-06,6e-06,2e-06,6e-06,4.000000000000001e-06,0.0,0.0
297,1,297,0.8708449999999998,2e-06,2e-06,2e-06,2e-06,2e-06,0.0,0.0,0.0
298,1,298,0.895096,2e-06,2e-06,2e-06,3e-06,3e-06,1.0000000000000002e-06,0.0,0.0
299,1,299,0.894799,6e-06,2e-06,2e-06,3e-06,6e-06,4.000000000000001e-06,0.0,0.0
300,1,300,0.8721579999999994,2e-06,2e-06,2e-06,2e-06,2e-06,0.0,0.0,0.0
301,1,301,0.896931,2e-06,2e-06,2e-06,2e-06,2e-06,0.0,0.0,0.0
302,1,302,0.8951230000000001,5e-06,2e-06,2e-06,2e-06,5e-06,3.0000000000000005e-06,0.0,0.0
303,1,303,0.8743949999999995,2e-06,2e-06,2e-06,2e-06,2e-06,0.0,0.0,0.0
304,1,304,0.894801,2e-06,2e-06,2e-06,2e-06,2e-06,0.0,0.0,0.0
305,1,305,0.896837,6e-06,2e-06,2e-06,2e-06,6e-06,4.000000000000001e-06,0.0,0.0
306,1,306,0.8795050000000005,2e-06,2e-06,2e-06,2e-06,2e-06,0.0,0.0,0.0
307,1,307,0.895584,5e-06,2e-06,2e-06,2e-06,5e-06,3.0000000000000005e-06,0.0,0.0
308,1,308,0.894018,2e-06,2e-06,2e-06,2e-06,2e-06,0.0,0.0,0.0
309,1,309,0.8743340000000007,2e-06,2e-06,2e-06,2e-06,2e-06,0.0,0.0,0.0
310,1,310,0.895882,2e-06,2e-06,2e-06,2e-06,2e-06,0.0,0.0,0.0
311,1,311,0.896107,2e-06,2e-06,2e-06,2e-06,2e-06,0.0,0.0,0.0
312,1,312,0.8742069999999998,2e-06,2e-06,2e-06,2e-06,2e-06,0.0,0.0,0.0
313,1,313,0.896355,6e-06,2e-06,2e-06,2e-06,6e-06,4.000000000000001e-06,0.0,0.0
314,1,314,0.896021,2e-06,2e-06,2e-06,2e-06,2e-06,0.0,0.0,0.0
315,1,315,0.8741900000000001,2e-06,2e-06,2e-06,2e-06,2e-06,0.0,0.0,0.0
316,1,316,0.896617,2e-06,2e-06,2e-06,2e-06,2e-06,0.0,0.0,0.0
317,1,317,0.895653,6e-06,2e-06,2e-06,2e-06,6e-06,4.000000000000001e-06,0.0,0.0
318,1,318,0.8745399999999993,2e-06,2e-06,2e-06,2e-06,2e-06,0.0,0.0,0.0
319,1,319,0.895914,2e-06,2e-06,2e-06,2e-06,2e-06,0.0,0.0,0.0
320,1,320,0.898131,2e-06,2e-06,2e-06,2e-06,2e-06,0.0,0.0,0.0
321,1,321,0.8743849999999999,2e-06,2e-06,2e-06,2e-06,2e-06,0.0,0.0,0.0
322,1,322,0.897143,2e-06,2e-06,2e-06,2e-06,2e-06,0.0,0.0,0.0
323,1,323,0.893925,2e-06,2e-06,2e-06,2e-06,2e-06,0.0,0.0,0.0
324,1,324,0.8784940000000004,2e-06,2e-06,2e-06,2e-06,2e-06,0.0,0.0,0.0
325,1,325,0.895845,6e-06,2e-06,2e-06,2e-06,6e-06,4.000000000000001e-06,0.0,0.0
326,1,326,0.894546,2e-06,2e-06,2e-06,2e-06,2e-06,0.0,0.0,0.0
327,1,327,0.8696629999999997,2e-06,2e-06,2e-06,2e-06,2e-06,0.0,0.0,0.0
328,1,328,0.8980840000000001,5e-06,2e-06,2e-06,2e-06,5e-06,3.0000000000000005e-06,0.0,0.0
329,1,329,0.895397,2e-06,2e-06,2e-06,2e-06,2e-06,0.0,0.0,0.0
330,1,330,0.8710529999999995,2e-06,2e-06,2e-06,2e-06,2e-06,0.0,0.0,0.0
331,1,331,0.8971,2e-06,2e-06,2e-06,2e-06,2e-06,0.0,0.0,0.0
332,1,332,0.893977,2e-06,2e-06,2e-06,2e-06,2e-06,0.0,0.0,0.0
333,1,333,0.8723499999999996,2e-06,2e-06,2e-06,2e-06,2e-06,0.0,0.0,0.0
334,1,334,0.89874,2e-06,2e-06,2e-06,2e-06,2e-06,0.0,0.0,0.0
335,1,335,0.897157,2e-06,2e-06,2e-06,2e-06,2e-06,0.0,0.0,0.0
336,1,336,0.8698080000000005,2e-06,2e-06,2e-06,2e-06,2e-06,0.0,0.0,0.0
337,1,337,0.895667,6e-06,2e-06,2e-06,2e-06,6e-06,4.000000000000001e-06,0.0,0.0
338,1,338,0.894732,6e-06,2e-06,2e-06,2e-06,6e-06,4.000000000000001e-06,0.0,0.0
339,1,339,0.8687619999999999,2e-06,2e-06,2e-06,2e-06,2e-06,0.0,0.0,0.0
340,1,340,0.894455,5e-06,2e-06,2e-06,2e-06,5e-06,3.0000000000000005e-06,0.0,0.0
341,1,341,0.893521,2e-06,2e-06,2e-06,2e-06,2e-06,0.0,0.0,0.0
342,1,342,0.8718589999999994,2e-06,2e-06,2e-06,2e-06,2e-06,0.0,0.0,0.0
343,1,343,0.895231,6e-06,2e-06,2e-06,2e-06,6e-06,4.000000000000001e-06,0.0,0.0
344,1,344,0.8713549999999999,2e-06,2e-06,2e-06,3e-06,3e-06,1.0000000000000002e-06,0.0,0.0
345,1,345,0.895481,2e-06,2e-06,6e-06,2e-06,6e-06,4.000000000000001e-06,0.0,0.0
346,1,346,0.894162,2e-06,2e-06,2e-06,2e-06,2e-06,0.0,0.0,0.0
347,1,347,0.8692780000000001,2e-06,2e-06,2e-06,2e-06,2e-06,0.0,0.0,0.0
348,1,348,0.89683,2e-06,2e-06,6e-06,2e-06,6e-06,4.000000000000001e-06,0.0,0.0
349,1,349,0.8983000000000001,5e-06,2e-06,2e-06,2e-06,5e-06,3.0000000000000005e-06,0.0,0.0
350,1,350,0.8705060000000003,2e-06,2e-06,2e-06,2e-06,2e-06,0.0,0.0,0.0
351,1,351,0.894745,2e-06,2e-06,6e-06,2e-06,6e-06,4.000000000000001e-06,0.0,0.0
352,1,352,0.894296,6e-06,3e-06,2e-06,2e-06,6e-06,4.000000000000001e-06,0.0,0.0
353,1,353,0.8693829999999997,2e-06,2e-06,2e-06,2e-06,2e-06,0.0,0.0,0.0
354,1,354,0.89371,2e-06,2e-06,6e-06,2e-06,6e-06,4.000000000000001e-06,0.0,0.0
355,1,355,0.895872,2e-06,2e-06,2e-06,2e-06,2e-06,0.0,0.0,0.0
356,1,356,0.8697149999999999,2e-06,2e-06,2e-06,2e-06,2e-06,0.0,0.0,0.0
357,1,357,0.894293,2e-06,2e-06,6e-06,2e-06,6e-06,4.000000000000001e-06,0.0,0.0
358,1,358,0.8979539999999999,2e-06,2e-06,2e-06,2e-06,2e-06,0.0,0.0,0.0
359,1,359,0.870675,2e-06,2e-06,2e-06,2e-06,2e-06,0.0,0.0,0.0
360,1,360,0.897087,2e-06,2e-06,2e-06,2e-06,2e-06,0.0,0.0,0.0
361,1,361,0.896711,2e-06,2e-06,2e-06,2e-06,2e-06,0.0,0.0,0.0
362,1,362,0.8688889999999998,2e-06,2e-06,2e-06,3e-06,3e-06,1.0000000000000002e-06,0.0,0.0
363,1,363,0.89536,2e-06,2e-06,2e-06,2e-06,2e-06,0.0,0.0,0.0
364,1,364,0.896389,2e-06,3e-06,2e-06,2e-06,3e-06,1.0000000000000002e-06,0.0,0.0
365,1,365,0.8699609999999995,2e-06,2e-06,2e-06,3e-06,3e-06,1.0000000000000002e-06,0.0,0.0
366,1,366,0.894844,2e-06,2e-06,2e-06,2e-06,2e-06,0.0,0.0,0.0
367,1,367,0.897879,2e-06,3e-06,2e-06,2e-06,3e-06,1.0000000000000002e-06,0.0,0.0
368,1,368,0.8677920000000002,2e-06,2e-06,2e-06,2e-06,2e-06,0.0,0.0,0.0
369,1,369,0.894356,2e-06,2e-06,5e-06,2e-06,5e-06,3.0000000000000005e-06,0.0,0.0
370,1,370,0.89657,2e-06,2e-06,6e-06,2e-06,6e-06,4.000000000000001e-06,0.0,0.0
371,1,371,0.8665390000000001,2e-06,2e-06,2e-06,2e-06,2e-06,0.0,0.0,0.0
372,1,372,0.897072,2e-06,2e-06,6e-06,2e-06,6e-06,4.000000000000001e-06,0.0,0.0
373,1,373,0.896498,2e-06,2e-06,2e-06,3e-06,3e-06,1.0000000000000002e-06,0.0,0.0
374,1,374,0.8713290000000002,3e-06,2e-06,6e-06,2e-06,6e-06,4.000000000000001e-06,0.0,0.0
375,1,375,0.8986149999999999,2e-06,2e-06,2e-06,2e-06,2e-06,0.0,0.0,0.0
376,1,376,0.894314,5e-06,2e-06,2e-06,2e-06,5e-06,3.0000000000000005e-06,0.0,0.0
377,1,377,0.868483,2e-06,2e-06,2e-06,2e-06,2e-06,0.0,0.0,0.0
378,1,378,0.894633,2e-06,2e-06,6e-06,2e-06,6e-06,4.000000000000001e-06,0.0,0.0
379,1,379,0.896207,6e-06,2e-06,2e-06,2e-06,6e-06,4.000000000000001e-06,0.0,0.0
380,1,380,0.8694819999999996,2e-06,2e-06,6e-06,3e-06,6e-06,4.000000000000001e-06,0.0,0.0
381,1,381,0.896338,2e-06,2e-06,6e-06,2e-06,6e-06,4.000000000000001e-06,0.0,0.0
382,1,382,0.898256,2e-06,3e-06,5e-06,2e-06,5e-06,3.0000000000000005e-06,0.0,0.0
383,1,383,0.8711389999999997,2e-06,2e-06,5e-06,2e-06,5e-06,3.0000000000000005e-06,0.0,0.0
384,1,384,0.8967590000000001,2e-06,2e-06,5e-06,2e-06,5e-06,3.0000000000000005e-06,0.0,0.0
385,1,385,0.897286,2e-06,3e-06,3e-06,2e-06,3e-06,1.0000000000000002e-06,0.0,0.0
386,1,386,0.8739119999999998,2e-06,2e-06,6e-06,2e-06,6e-06,4.000000000000001e-06,0.0,0.0
387,1,387,0.8960440000000001,2e-06,2e-06,5e-06,2e-06,5e-06,3.0000000000000005e-06,0.0,0.0
388,1,388,0.89852,2e-06,3e-06,2e-06,2e-06,3e-06,1.0000000000000002e-06,0.0,0.0
389,1,389,0.8699500000000002,2e-06,2e-06,6e-06,3e-06,6e-06,4.000000000000001e-06,0.0,0.0
390,1,390,0.892335,2e-06,2e-06,2e-06,2e-06,2e-06,0.0,0.0,0.0
391,1,391,0.892476,2e-06,2e-06,6e-06,3e-06,6e-06,4.000000000000001e-06,0.0,0.0
392,1,392,0.8700810000000004,2e-06,2e-06,2e-06,2e-06,2e-06,0.0,0.0,0.0
393,1,393,0.893658,2e-06,2e-06,6e-06,2e-06,6e-06,4.000000000000001e-06,0.0,0.0
394,1,394,0.894859,2e-06,2e-06,2e-06,2e-06,2e-06,0.0,0.0,0.0
395,1,395,0.8708149999999995,2e-06,2e-06,6e-06,2e-06,6e-06,4.000000000000001e-06,0.0,0.0
396,1,396,0.897159,6e-06,2e-06,2e-06,2e-06,6e-06,4.000000000000001e-06,0.0,0.0
397,1,397,0.895363,2e-06,2e-06,6e-06,2e-06,6e-06,4.000000000000001e-06,0.0,0.0
398,1,398,0.8686419999999995,2e-06,2e-06,2e-06,6e-06,6e-06,4.000000000000001e-06,0.0,0.0
399,1,399,0.895042,2e-06,2e-06,2e-06,2e-06,2e-06,0.0,0.0,0.0
400,1,400,0.896003,2e-06,2e-06,6e-06,2e-06,6e-06,4.000000000000001e-06,0.0,0.0
401,1,401,0.8695320000000001,2e-06,2e-06,2e-06,2e-06,2e-06,0.0,0.0,0.0
402,1,402,0.895834,6e-06,2e-06,2e-06,2e-06,6e-06,4.000000000000001e-06,0.0,0.0
403,1,403,0.896462,2e-06,3e-06,6e-06,2e-06,6e-06,4.000000000000001e-06,0.0,0.0
404,1,404,0.869525,2e-06,2e-06,2e-06,2e-06,2e-06,0.0,0.0,0.0
405,1,405,0.8936990000000001,5e-06,2e-06,2e-06,2e-06,5e-06,3.0000000000000005e-06,0.0,0.0
406,1,406,0.894149,2e-06,2e-06,2e-06,2e-06,2e-06,0.0,0.0,0.0
407,1,407,0.8706810000000003,2e-06,2e-06,6e-06,2e-06,6e-06,4.000000000000001e-06,0.0,0.0
408,1,408,0.895562,6e-06,2e-06,2e-06,2e-06,6e-06,4.000000000000001e-06,0.0,0.0
409,1,409,0.894062,2e-06,2e-06,2e-06,2e-06,2e-06,0.0,0.0,0.0
410,1,410,0.8706550000000002,2e-06,2e-06,6e-06,2e-06,6e-06,4.000000000000001e-06,0.0,0.0
411,1,411,0.896665,6e-06,2e-06,2e-06,2e-06,6e-06,4.000000000000001e-06,0.0,0.0
412,1,412,0.895747,6e-06,2e-06,2e-06,2e-06,6e-06,4.000000000000001e-06,0.0,0.0
413,1,413,0.8706659999999999,2e-06,2e-06,6e-06,2e-06,6e-06,4.000000000000001e-06,0.0,0.0
414,1,414,0.895986,6e-06,2e-06,2e-06,2e-06,6e-06,4.000000000000001e-06,0.0,0.0
415,1,415,0.895858,2e-06,2e-06,2e-06,4e-06,4e-06,2e-06,0.0,0.0
416,1,416,0.8730900000000004,2e-06,2e-06,6e-06,2e-06,6e-06,4.000000000000001e-06,0.0,0.0
417,1,417,0.895237,2e-06,2e-06,2e-06,2e-06,2e-06,0.0,0.0,0.0
418,1,418,0.89578,2e-06,3e-06,2e-06,2e-06,3e-06,1.0000000000000002e-06,0.0,0.0
419,1,419,0.8694169999999997,2e-06,2e-06,5e-06,2e-06,5e-06,3.0000000000000005e-06,0.0,0.0
420,1,420,0.894483,2e-06,2e-06,2e-06,2e-06,2e-06,0.0,0.0,0.0
421,1,421,0.895954,5e-06,3e-06,2e-06,2e-06,5e-06,3.0000000000000005e-06,0.0,0.0
422,1,422,0.8689910000000003,2e-06,2e-06,6e-06,2e-06,6e-06,4.000000000000001e-06,0.0,0.0
423,1,423,0.895615,6e-06,2e-06,2e-06,2e-06,6e-06,4.000000000000001e-06,0.0,0.0
424,1,424,0.89453,5e-06,2e-06,2e-06,2e-06,5e-06,3.0000000000000005e-06,0.0,0.0
425,1,425,0.8738400000000004,2e-06,2e-06,6e-06,2e-06,6e-06,4.000000000000001e-06,0.0,0.0
426,1,426,0.8972950000000001,5e-06,2e-06,2e-06,2e-06,5e-06,3.0000000000000005e-06,0.0,0.0
427,1,427,0.897445,6e-06,2e-06,2e-06,2e-06,6e-06,4.000000000000001e-06,0.0,0.0
428,1,428,0.8706250000000001,2e-06,2e-06,2e-06,2e-06,2e-06,0.0,0.0,0.0
429,1,429,0.896174,6e-06,2e-06,2e-06,2e-06,6e-06,4.000000000000001e-06,0.0,0.0
430,1,430,0.897419,2e-06,2e-06,2e-06,2e-06,2e-06,0.0,0.0,0.0
431,1,431,0.8691080000000003,2e-06,2e-06,2e-06,2e-06,2e-06,0.0,0.0,0.0
432,1,432,0.894123,2e-06,2e-06,2e-06,2e-06,2e-06,0.0,0.0,0.0
433,1,433,0.894073,2e-06,2e-06,2e-06,2e-06,2e-06,0.0,0.0,0.0
434,1,434,0.8668540000000006,2e-06,2e-06,2e-06,2e-06,2e-06,0.0,0.0,0.0
435,1,435,0.892427,1.4e-05,2e-06,2e-06,2e-06,1.4e-05,1.2e-05,0.0,0.0
436,1,436,0.895673,5e-06,2e-06,2e-06,2e-06,5e-06,3.0000000000000005e-06,0.0,0.0
437,1,437,0.8703670000000004,2e-06,2e-06,2e-06,2e-06,2e-06,0.0,0.0,0.0
438,1,438,0.896085,2e-06,2e-06,2e-06,2e-06,2e-06,0.0,0.0,0.0
439,1,439,0.895612,6e-06,2e-06,2e-06,2e-06,6e-06,4.000000000000001e-06,0.0,0.0
440,1,440,0.871743,2e-06,2e-06,2e-06,2e-06,2e-06,0.0,0.0,0.0
441,1,441,0.896799,2e-06,2e-06,2e-06,2e-06,2e-06,0.0,0.0,0.0
442,1,442,0.897894,5e-06,2e-06,2e-06,3e-06,5e-06,3.0000000000000005e-06,0.0,0.0
443,1,443,0.8694560000000001,2e-06,2e-06,2e-06,2e-06,2e-06,0.0,0.0,0.0
444,1,444,0.895062,2e-06,2e-06,2e-06,2e-06,2e-06,0.0,0.0,0.0
445,1,445,0.896734,6e-06,2e-06,2e-06,2e-06,6e-06,4.000000000000001e-06,0.0,0.0
446,1,446,0.8691710000000002,2e-06,2e-06,2e-06,2e-06,2e-06,0.0,0.0,0.0
447,1,447,0.8957800000000001,5e-06,2e-06,2e-06,2e-06,5e-06,3.0000000000000005e-06,0.0,0.0
448,1,448,0.896042,2e-06,2e-06,2e-06,2e-06,2e-06,0.0,0.0,0.0
449,1,449,0.8704759999999997,2e-06,2e-06,2e-06,2e-06,2e-06,0.0,0.0,0.0
450,1,450,0.896152,2e-06,2e-06,2e-06,2e-06,2e-06,0.0,0.0,0.0
451,1,451,0.897433,2e-06,2e-06,2e-06,2e-06,2e-06,0.0,0.0,0.0
452,1,452,0.870313,2e-06,2e-06,2e-06,2e-06,2e-06,0.0,0.0,0.0
453,1,453,0.893904,2e-06,2e-06,2e-06,2e-06,2e-06,0.0,0.0,0.0
454,1,454,0.89646,2e-06,2e-06,2e-06,2e-06,2e-06,0.0,0.0,0.0
455,1,455,0.8717010000000004,1e-06,2e-06,2e-06,2e-06,2e-06,1e-06,0.0,0.0
456,1,456,0.89603,2e-06,2e-06,2e-06,2e-06,2e-06,0.0,0.0,0.0
457,1,457,0.896734,5e-06,2e-06,2e-06,2e-06,5e-06,3.0000000000000005e-06,0.0,0.0
458,1,458,0.870059,2e-06,2e-06,2e-06,2e-06,2e-06,0.0,0.0,0.0
459,1,459,0.894866,2e-06,2e-06,2e-06,2e-06,2e-06,0.0,0.0,0.0
460,1,460,0.895495,2e-06,2e-06,2e-06,2e-06,2e-06,0.0,0.0,0.0
461,1,461,0.869821,2e-06,2e-06,6e-06,2e-06,6e-06,4.000000000000001e-06,0.0,0.0
462,1,462,0.89792,6e-06,2e-06,2e-06,2e-06,6e-06,4.000000000000001e-06,0.0,0.0
463,1,463,0.895632,6e-06,2e-06,2e-06,2e-06,6e-06,4.000000000000001e-06,0.0,0.0
464,1,464,0.8708200000000001,2e-06,2e-06,6e-06,2e-06,6e-06,4.000000000000001e-06,0.0,0.0
465,1,465,0.896208,2e-06,2e-06,2e-06,2e-06,2e-06,0.0,0.0,0.0
466,1,466,0.872844,6e-06,2e-06,2e-06,2e-06,6e-06,4.000000000000001e-06,0.0,0.0
467,1,467,0.8676239999999998,2e-06,2e-06,2e-06,2e-06,2e-06,0.0,0.0,0.0
468,1,468,0.894079,2e-06,2e-06,2e-06,2e-06,2e-06,0.0,0.0,0.0
469,1,469,0.869951,2e-06,2e-06,2e-06,2e-06,2e-06,0.0,0.0,0.0
470,1,470,0.8720260000000001,2e-06,2e-06,2e-06,2e-06,2e-06,0.0,0.0,0.0
471,1,471,0.895136,2e-06,2e-06,2e-06,2e-06,2e-06,0.0,0.0,0.0
472,1,472,0.871736,2e-06,2e-06,2e-06,2e-06,2e-06,0.0,0.0,0.0
473,1,473,0.8707670000000003,2e-06,2e-06,6e-06,2e-06,6e-06,4.000000000000001e-06,0.0,0.0
474,1,474,0.894962,2e-06,2e-06,2e-06,2e-06,2e-06,0.0,0.0,0.0
475,1,475,0.870726,2e-06,2e-06,2e-06,2e-06,2e-06,0.0,0.0,0.0
476,1,476,0.8700249999999997,2e-06,2e-06,2e-06,2e-06,2e-06,0.0,0.0,0.0
477,1,477,0.895421,2e-06,3e-06,2e-06,2e-06,3e-06,1.0000000000000002e-06,0.0,0.0
478,1,478,0.8739279999999999,2e-06,2e-06,2e-06,2e-06,2e-06,0.0,0.0,0.0
479,1,479,0.8710510000000005,2e-06,2e-06,6e-06,2e-06,6e-06,4.000000000000001e-06,0.0,0.0
480,1,480,0.893324,2e-06,2e-06,2e-06,2e-06,2e-06,0.0,0.0,0.0
481,1,481,0.8695359999999998,2e-06,2e-06,2e-06,2e-06,2e-06,0.0,0.0,0.0
482,1,482,0.8715700000000004,2e-06,2e-06,5e-06,2e-06,5e-06,3.0000000000000005e-06,0.0,0.0
483,1,483,0.895622,2e-06,2e-06,2e-06,2e-06,2e-06,0.0,0.0,0.0
484,1,484,0.8761710000000001,2e-06,2e-06,2e-06,2e-06,2e-06,0.0,0.0,0.0
485,1,485,0.869097,2e-06,2e-06,6e-06,2e-06,6e-06,4.000000000000001e-06,0.0,0.0
486,1,486,0.894633,2e-06,2e-06,2e-06,2e-06,2e-06,0.0,0.0,0.0
487,1,487,0.8710680000000001,2e-06,2e-06,2e-06,2e-06,2e-06,0.0,0.0,0.0
488,1,488,0.8708209999999994,2e-06,2e-06,6e-06,2e-06,6e-06,4.000000000000001e-06,0.0,0.0
489,1,489,0.893525,2e-06,2e-06,2e-06,2e-06,2e-06,0.0,0.0,0.0
490,1,490,0.8723759999999999,2e-06,2e-06,2e-06,2e-06,2e-06,0.0,0.0,0.0
491,1,491,0.8685979999999992,2e-06,2e-06,2e-06,2e-06,2e-06,0.0,0.0,0.0
492,1,492,0.894326,2e-06,2e-06,2e-06,2e-06,2e-06,0.0,0.0,0.0
493,1,493,0.8712599999999998,2e-06,2e-06,2e-06,2e-06,2e-06,0.0,0.0,0.0
494,1,494,0.8685769999999998,2e-06,2e-06,2e-06,2e-06,2e-06,0.0,0.0,0.0
495,1,495,0.89475,2e-06,2e-06,2e-06,2e-06,2e-06,0.0,0.0,0.0
496,1,496,0.8718719999999999,2e-06,2e-06,2e-06,2e-06,2e-06,0.0,0.0,0.0
497,1,497,0.8705370000000002,2e-06,2e-06,2e-06,2e-06,2e-06,0.0,0.0,0.0
498,1,498,0.894765,2e-06,2e-06,2e-06,2e-06,2e-06,0.0,0.0,0.0
499,1,499,0.8719799999999999,2e-06,2e-06,2e-06,2e-06,2e-06,0.0,0.0,0.0
500,1,500,0.8690229999999994,2e-06,2e-06,6e-06,2e-06,6e-06,4.000000000000001e-06,0.0,0.0
501,1,501,0.894745,2e-06,2e-06,2e-06,2e-06,2e-06,0.0,0.0,0.0
502,1,502,0.8707540000000004,2e-06,2e-06,2e-06,2e-06,2e-06,0.0,0.0,0.0
503,1,503,0.895402,2e-06,2e-06,2e-06,2e-06,2e-06,0.0,0.0,0.0
504,1,504,0.8738789999999993,2e-06,2e-06,2e-06,2e-06,2e-06,0.0,0.0,0.0
505,1,505,0.894537,6e-06,2e-06,2e-06,2e-06,6e-06,4.000000000000001e-06,0.0,0.0
506,1,506,0.896955,2e-06,2e-06,6e-06,2e-06,6e-06,4.000000000000001e-06,0.0,0.0
507,1,507,0.8690020000000006,2e-06,2e-06,2e-06,2e-06,2e-06,0.0,0.0,0.0
508,1,508,0.8941260000000001,5e-06,2e-06,2e-06,2e-06,5e-06,3.0000000000000005e-06,0.0,0.0
509,1,509,0.894653,2e-06,2e-06,6e-06,2e-06,6e-06,4.000000000000001e-06,0.0,0.0
510,1,510,0.869004,2e-06,2e-06,2e-06,2e-06,2e-06,0.0,0.0,0.0
511,1,511,0.893827,2e-06,2e-06,2e-06,2e-06,2e-06,0.0,0.0,0.0
512,1,512,0.895383,2e-06,2e-06,6e-06,2e-06,6e-06,4.000000000000001e-06,0.0,0.0
513,1,513,0.8742100000000003,2e-06,2e-06,2e-06,2e-06,2e-06,0.0,0.0,0.0
514,1,514,0.894324,6e-06,2e-06,2e-06,2e-06,6e-06,4.000000000000001e-06,0.0,0.0
515,1,515,0.8960060000000001,2e-06,2e-06,5e-06,2e-06,5e-06,3.0000000000000005e-06,0.0,0.0
516,1,516,0.8733339999999995,2e-06,2e-06,2e-06,2e-06,2e-06,0.0,0.0,0.0
517,1,517,0.8953,2e-06,2e-06,2e-06,2e-06,2e-06,0.0,0.0,0.0
518,1,518,0.894849,2e-06,2e-06,2e-06,2e-06,2e-06,0.0,0.0,0.0
519,1,519,0.8717669999999998,2e-06,2e-06,2e-06,2e-06,2e-06,0.0,0.0,0.0
520,1,520,0.894282,2e-06,2e-06,2e-06,2e-06,2e-06,0.0,0.0,0.0
521,1,521,0.896814,6e-06,2e-06,2e-06,2e-06,6e-06,4.000000000000001e-06,0.0,0.0
522,1,522,0.8725489999999999,2e-06,2e-06,2e-06,2e-06,2e-06,0.0,0.0,0.0
523,1,523,0.897932,6e-06,2e-06,2e-06,2e-06,6e-06,4.000000000000001e-06,0.0,0.0
524,1,524,0.894191,2e-06,2e-06,2e-06,2e-06,2e-06,0.0,0.0,0.0
525,1,525,0.8728969999999997,2e-06,2e-06,2e-06,2e-06,2e-06,0.0,0.0,0.0
526,1,526,0.896704,2e-06,2e-06,2e-06,2e-06,2e-06,0.0,0.0,0.0
527,1,527,0.894586,6e-06,2e-06,2e-06,5e-06,6e-06,4.000000000000001e-06,0.0,0.0
528,1,528,0.8698180000000001,2e-06,2e-06,2e-06,2e-06,2e-06,0.0,0.0,0.0
529,1,529,0.894428,2e-06,2e-06,2e-06,2e-06,2e-06,0.0,0.0,0.0
530,1,530,0.897862,2e-06,2e-06,2e-06,2e-06,2e-06,0.0,0.0,0.0
531,1,531,0.874476,2e-06,2e-06,3e-06,2e-06,3e-06,1.0000000000000002e-06,0.0,0.0
532,1,532,0.895848,5e-06,2e-06,2e-06,2e-06,5e-06,3.0000000000000005e-06,0.0,0.0
533,1,533,0.8974190000000001,5e-06,2e-06,2e-06,2e-06,5e-06,3.0000000000000005e-06,0.0,0.0
534,1,534,0.8746130000000006,2e-06,2e-06,2e-06,2e-06,2e-06,0.0,0.0,0.0
535,1,535,0.8951350000000001,5e-06,2e-06,2e-06,2e-06,5e-06,3.0000000000000005e-06,0.0,0.0
536,1,536,0.895561,5e-06,2e-06,2e-06,2e-06,5e-06,3.0000000000000005e-06,0.0,0.0
537,1,537,0.8769110000000003,2e-06,2e-06,2e-06,2e-06,2e-06,0.0,0.0,0.0
538,1,538,0.895559,6e-06,2e-06,2e-06,2e-06,6e-06,4.000000000000001e-06,0.0,0.0
539,1,539,0.89355,6e-06,2e-06,2e-06,2e-06,6e-06,4.000000000000001e-06,0.0,0.0
540,1,540,0.8730850000000002,2e-06,2e-06,2e-06,2e-06,2e-06,0.0,0.0,0.0
541,1,541,0.8926229999999999,2e-06,2e-06,2e-06,2e-06,2e-06,0.0,0.0,0.0
542,1,542,0.895154,6e-06,2e-06,2e-06,2e-06,6e-06,4.000000000000001e-06,0.0,0.0
543,1,543,0.868578,2e-06,2e-06,2e-06,2e-06,2e-06,0.0,0.0,0.0
544,1,544,0.89469,5e-06,2e-06,2e-06,2e-06,5e-06,3.0000000000000005e-06,0.0,0.0
545,1,545,0.894578,6e-06,2e-06,2e-06,2e-06,6e-06,4.000000000000001e-06,0.0,0.0
546,1,546,0.8749949999999999,2e-06,2e-06,2e-06,2e-06,2e-06,0.0,0.0,0.0
547,1,547,0.895747,2e-06,2e-06,2e-06,2e-06,2e-06,0.0,0.0,0.0
548,1,548,0.898397,5e-06,2e-06,5e-06,2e-06,5e-06,3.0000000000000005e-06,0.0,0.0
549,1,549,0.8762639999999996,2e-06,2e-06,2e-06,2e-06,2e-06,0.0,0.0,0.0
550,1,550,0.895231,6e-06,2e-06,2e-06,2e-06,6e-06,4.000000000000001e-06,0.0,0.0
551,1,551,0.895916,2e-06,2e-06,6e-06,2e-06,6e-06,4.000000000000001e-06,0.0,0.0
552,1,552,0.8779279999999995,2e-06,2e-06,2e-06,2e-06,2e-06,0.0,0.0,0.0
553,1,553,0.893968,2e-06,2e-06,2e-06,2e-06,2e-06,0.0,0.0,0.0
554,1,554,0.895931,2e-06,2e-06,6e-06,2e-06,6e-06,4.000000000000001e-06,0.0,0.0
555,1,555,0.8766199999999996,2e-06,2e-06,2e-06,2e-06,2e-06,0.0,0.0,0.0
556,1,556,0.893763,2e-06,2e-06,2e-06,2e-06,2e-06,0.0,0.0,0.0
557,1,557,0.896274,2e-06,2e-06,6e-06,2e-06,6e-06,4.000000000000001e-06,0.0,0.0
558,1,558,0.8754670000000001,2e-06,2e-06,2e-06,2e-06,2e-06,0.0,0.0,0.0
559,1,559,0.897949,2e-06,2e-06,2e-06,2e-06,2e-06,0.0,0.0,0.0
560,1,560,0.895984,2e-06,2e-06,6e-06,2e-06,6e-06,4.000000000000001e-06,0.0,0.0
561,1,561,0.8730340000000002,2e-06,2e-06,2e-06,2e-06,2e-06,0.0,0.0,0.0
562,1,562,0.896274,2e-06,2e-06,6e-06,2e-06,6e-06,4.000000000000001e-06,0.0,0.0
563,1,563,0.89651,6e-06,2e-06,2e-06,2e-06,6e-06,4.000000000000001e-06,0.0,0.0
564,1,564,0.877887,2e-06,2e-06,2e-06,2e-06,2e-06,0.0,0.0,0.0
565,1,565,0.896457,2e-06,2e-06,6e-06,2e-06,6e-06,4.000000000000001e-06,0.0,0.0
566,1,566,0.8947570000000001,5e-06,2e-06,2e-06,2e-06,5e-06,3.0000000000000005e-06,0.0,0.0
567,1,567,0.8679380000000002,2e-06,2e-06,2e-06,2e-06,2e-06,0.0,0.0,0.0
568,1,568,0.896033,2e-06,2e-06,6e-06,2e-06,6e-06,4.000000000000001e-06,0.0,0.0
569,1,569,0.895226,6e-06,2e-06,2e-06,2e-06,6e-06,4.000000000000001e-06,0.0,0.0
570,1,570,0.8718099999999996,2e-06,2e-06,2e-06,2e-06,2e-06,0.0,0.0,0.0
571,1,571,0.895793,2e-06,2e-06,2e-06,2e-06,2e-06,0.0,0.0,0.0
572,1,572,0.895259,6e-06,2e-06,2e-06,2e-06,6e-06,4.000000000000001e-06,0.0,0.0
573,1,573,0.8732429999999992,2e-06,2e-06,2e-06,2e-06,2e-06,0.0,0.0,0.0
574,1,574,0.894682,6e-06,2e-06,2e-06,2e-06,6e-06,4.000000000000001e-06,0.0,0.0
575,1,575,0.893665,6e-06,2e-06,2e-06,5e-06,6e-06,4.000000000000001e-06,0.0,0.0
576,1,576,0.871495,2e-06,2e-06,2e-06,2e-06,2e-06,0.0,0.0,0.0
577,1,577,0.895164,6e-06,2e-06,2e-06,2e-06,6e-06,4.000000000000001e-06,0.0,0.0
578,1,578,0.89398,2e-06,2e-06,2e-06,2e-06,2e-06,0.0,0.0,0.0
579,1,579,0.8678890000000005,2e-06,2e-06,2e-06,2e-06,2e-06,0.0,0.0,0.0
580,1,580,0.896311,6e-06,2e-06,2e-06,2e-06,6e-06,4.000000000000001e-06,0.0,0.0
581,1,581,0.897792,3e-06,6e-06,2e-06,2e-06,6e-06,4.000000000000001e-06,0.0,0.0
582,1,582,0.8747360000000001,2e-06,2e-06,2e-06,2e-06,2e-06,0.0,0.0,0.0
583,1,583,0.897574,2e-06,2e-06,2e-06,2e-06,2e-06,0.0,0.0,0.0
584,1,584,0.895772,2e-06,2e-06,2e-06,2e-06,2e-06,0.0,0.0,0.0
585,1,585,0.8697149999999999,2e-06,2e-06,2e-06,2e-06,2e-06,0.0,0.0,0.0
586,1,586,0.897399,2e-06,2e-06,2e-06,2e-06,2e-06,0.0,0.0,0.0
587,1,587,0.896097,6e-06,2e-06,2e-06,2e-06,6e-06,4.000000000000001e-06,0.0,0.0
588,1,588,0.8701529999999998,2e-06,2e-06,2e-06,2e-06,2e-06,0.0,0.0,0.0
589,1,589,0.895453,2e-06,2e-06,6e-06,2e-06,6e-06,4.000000000000001e-06,0.0,0.0
590,1,590,0.8953979999999999,2e-06,3e-06,2e-06,2e-06,3e-06,1.0000000000000002e-06,0.0,0.0
591,1,591,0.8730460000000001,2e-06,2e-06,2e-06,2e-06,2e-06,0.0,0.0,0.0
592,1,592,0.8730429999999996,6e-06,2e-06,2e-06,2e-06,6e-06,4.000000000000001e-06,0.0,0.0
593,1,593,0.896126,2e-06,2e-06,2e-06,2e-06,2e-06,0.0,0.0,0.0
594,1,594,0.8730460000000001,2e-06,2e-06,2e-06,2e-06,2e-06,0.0,0.0,0.0
595,1,595,0.8712259999999997,2e-06,2e-06,2e-06,2e-06,2e-06,0.0,0.0,0.0
596,1,596,0.894556,2e-06,2e-06,2e-06,2e-06,2e-06,0.0,0.0,0.0
597,1,597,0.8714259999999997,2e-06,2e-06,2e-06,2e-06,2e-06,0.0,0.0,0.0
598,1,598,0.8747309999999997,6e-06,2e-06,2e-06,2e-06,6e-06,4.000000000000001e-06,0.0,0.0
599,1,599,0.897333,2e-06,2e-06,2e-06,2e-06,2e-06,0.0,0.0,0.0
600,1,600,0.8741749999999998,2e-06,2e-06,2e-06,2e-06,2e-06,0.0,0.0,0.0
601,1,601,0.8753219999999994,2e-06,2e-06,2e-06,2e-06,2e-06,0.0,0.0,0.0
602,1,602,0.896727,6e-06,2e-06,2e-06,2e-06,6e-06,4.000000000000001e-06,0.0,0.0
603,1,603,0.871819,2e-06,2e-06,2e-06,2e-06,2e-06,0.0,0.0,0.0
604,1,604,0.8678369999999999,2e-06,2e-06,2e-06,2e-06,2e-06,0.0,0.0,0.0
605,1,605,0.893538,5e-06,2e-06,2e-06,2e-06,5e-06,3.0000000000000005e-06,0.0,0.0
606,1,606,0.872426,2e-06,2e-06,2e-06,2e-06,2e-06,0.0,0.0,0.0
607,1,607,0.8713240000000001,2e-06,2e-06,2e-06,2e-06,2e-06,0.0,0.0,0.0
608,1,608,0.898048,6e-06,2e-06,2e-06,2e-06,6e-06,4.000000000000001e-06,0.0,0.0
609,1,609,0.86813,2e-06,2e-06,2e-06,2e-06,2e-06,0.0,0.0,0.0
610,1,610,0.870656,2e-06,2e-06,2e-06,2e-06,2e-06,0.0,0.0,0.0
611,1,611,0.8971439999999999,2e-06,2e-06,2e-06,2e-06,2e-06,0.0,0.0,0.0
612,1,612,0.870495,2e-06,3e-06,2e-06,2e-06,3e-06,1.0000000000000002e-06,0.0,0.0
613,1,613,0.8688829999999998,2e-06,3e-06,2e-06,2e-06,3e-06,1.0000000000000002e-06,0.0,0.0
614,1,614,0.892494,2e-06,2e-06,2e-06,2e-06,2e-06,0.0,0.0,0.0
615,1,615,0.8716539999999995,2e-06,3e-06,2e-06,2e-06,3e-06,1.0000000000000002e-06,0.0,0.0
616,1,616,0.8724409999999999,2e-06,1e-06,2e-06,2e-06,2e-06,1e-06,0.0,0.0
617,1,617,0.894391,6e-06,2e-06,2e-06,2e-06,6e-06,4.000000000000001e-06,0.0,0.0
618,1,618,0.8722410000000004,2e-06,2e-06,2e-06,2e-06,2e-06,0.0,0.0,0.0
619,1,619,0.8716990000000001,2e-06,2e-06,2e-06,2e-06,2e-06,0.0,0.0,0.0
620,1,620,0.89649,2e-06,2e-06,2e-06,2e-06,2e-06,0.0,0.0,0.0
621,1,621,0.8688429999999997,2e-06,2e-06,2e-06,2e-06,2e-06,0.0,0.0,0.0
622,1,622,0.8714720000000002,6e-06,2e-06,2e-06,2e-06,6e-06,4.000000000000001e-06,0.0,0.0
623,1,623,0.895305,6e-06,2e-06,2e-06,2e-06,6e-06,4.000000000000001e-06,0.0,0.0
624,1,624,0.8746329999999999,2e-06,2e-06,2e-06,2e-06,2e-06,0.0,0.0,0.0
625,1,625,0.8704800000000003,2e-06,2e-06,2e-06,2e-06,2e-06,0.0,0.0,0.0
626,1,626,0.896488,2e-06,2e-06,2e-06,2e-06,2e-06,0.0,0.0,0.0
627,1,627,0.8702450000000003,2e-06,2e-06,2e-06,2e-06,2e-06,0.0,0.0,0.0
628,1,628,0.8733009999999998,2e-06,2e-06,2e-06,2e-06,2e-06,0.0,0.0,0.0
629,1,629,0.895282,2e-06,2e-06,2e-06,2e-06,2e-06,0.0,0.0,0.0
630,1,630,0.867854,2e-06,2e-06,2e-06,2e-06,2e-06,0.0,0.0,0.0
631,1,631,0.8707270000000001,2e-06,2e-06,2e-06,2e-06,2e-06,0.0,0.0,0.0
632,1,632,0.895382,2e-06,2e-06,2e-06,2e-06,2e-06,0.0,0.0,0.0
633,1,633,0.8705969999999997,2e-06,2e-06,2e-06,2e-06,2e-06,0.0,0.0,0.0
634,1,634,0.8736130000000002,2e-06,3e-06,2e-06,2e-06,3e-06,1.0000000000000002e-06,0.0,0.0
635,1,635,0.895436,2e-06,2e-06,2e-06,2e-06,2e-06,0.0,0.0,0.0
636,1,636,0.8726290000000004,2e-06,2e-06,2e-06,2e-06,2e-06,0.0,0.0,0.0
637,1,637,0.8766149999999998,2e-06,2e-06,2e-06,2e-06,2e-06,0.0,0.0,0.0
638,1,638,0.895411,2e-06,2e-06,2e-06,2e-06,2e-06,0.0,0.0,0.0
639,1,639,0.8743569999999999,2e-06,2e-06,2e-06,2e-06,2e-06,0.0,0.0,0.0
640,1,640,0.873901,2e-06,3e-06,2e-06,2e-06,3e-06,1.0000000000000002e-06,0.0,0.0
641,1,641,0.897065,2e-06,2e-06,2e-06,2e-06,2e-06,0.0,0.0,0.0
642,1,642,0.8709999999999997,2e-06,2e-06,2e-06,2e-06,2e-06,0.0,0.0,0.0
643,1,643,0.8719880000000001,2e-06,2e-06,2e-06,2e-06,2e-06,0.0,0.0,0.0
644,1,644,0.895062,2e-06,2e-06,2e-06,2e-06,2e-06,0.0,0.0,0.0
645,1,645,0.8741500000000003,2e-06,2e-06,2e-06,2e-06,2e-06,0.0,0.0,0.0
646,1,646,0.8711880000000002,2e-06,2e-06,2e-06,2e-06,2e-06,0.0,0.0,0.0
647,1,647,0.894219,2e-06,2e-06,2e-06,2e-06,2e-06,0.0,0.0,0.0
648,1,648,0.8700280000000001,2e-06,2e-06,2e-06,2e-06,2e-06,0.0,0.0,0.0
649,1,649,0.8724739999999996,2e-06,2e-06,2e-06,2e-06,2e-06,0.0,0.0,0.0
650,1,650,0.894353,2e-06,2e-06,2e-06,2e-06,2e-06,0.0,0.0,0.0
651,1,651,0.8698450000000003,2e-06,2e-06,2e-06,2e-06,2e-06,0.0,0.0,0.0
652,1,652,0.8712500000000003,2e-06,3e-06,2e-06,2e-06,3e-06,1.0000000000000002e-06,0.0,0.0
653,1,653,0.895789,2e-06,2e-06,2e-06,2e-06,2e-06,0.0,0.0,0.0
654,1,654,0.8716240000000003,2e-06,2e-06,2e-06,2e-06,2e-06,0.0,0.0,0.0
655,1,655,0.8715670000000003,2e-06,2e-06,2e-06,2e-06,2e-06,0.0,0.0,0.0
656,1,656,0.896579,2e-06,2e-06,2e-06,2e-06,2e-06,0.0,0.0,0.0
657,1,657,0.8712769999999997,2e-06,2e-06,2e-06,2e-06,2e-06,0.0,0.0,0.0
658,1,658,0.872788,2e-06,2e-06,2e-06,2e-06,2e-06,0.0,0.0,0.0
659,1,659,0.894858,2e-06,2e-06,2e-06,2e-06,2e-06,0.0,0.0,0.0
660,1,660,0.8731410000000001,2e-06,2e-06,2e-06,2e-06,2e-06,0.0,0.0,0.0
661,1,661,0.8751709999999998,2e-06,2e-06,2e-06,2e-06,2e-06,0.0,0.0,0.0
662,1,662,0.89437,6e-06,2e-06,2e-06,2e-06,6e-06,4.000000000000001e-06,0.0,0.0
663,1,663,0.8704930000000003,2e-06,2e-06,2e-06,2e-06,2e-06,0.0,0.0,0.0
664,1,664,0.8717179999999997,2e-06,2e-06,2e-06,2e-06,2e-06,0.0,0.0,0.0
665,1,665,0.89831,6e-06,1e-06,2e-06,2e-06,6e-06,5e-06,0.0,0.0
666,1,666,0.8729700000000001,2e-06,2e-06,2e-06,2e-06,2e-06,0.0,0.0,0.0
667,1,667,0.872208,2e-06,2e-06,2e-06,2e-06,2e-06,0.0,0.0,0.0
668,1,668,0.897138,6e-06,2e-06,2e-06,2e-06,6e-06,4.000000000000001e-06,0.0,0.0
669,1,669,0.8696920000000002,2e-06,2e-06,2e-06,2e-06,2e-06,0.0,0.0,0.0
670,1,670,0.8709529999999998,2e-06,2e-06,2e-06,2e-06,2e-06,0.0,0.0,0.0
671,1,671,0.898715,2e-06,2e-06,2e-06,2e-06,2e-06,0.0,0.0,0.0
672,1,672,0.8723819999999997,2e-06,2e-06,2e-06,2e-06,2e-06,0.0,0.0,0.0
673,1,673,0.8690129999999999,2e-06,2e-06,2e-06,2e-06,2e-06,0.0,0.0,0.0
674,1,674,0.89618,2e-06,2e-06,2e-06,2e-06,2e-06,0.0,0.0,0.0
675,1,675,0.8723829999999998,2e-06,2e-06,2e-06,2e-06,2e-06,0.0,0.0,0.0
676,1,676,0.8727640000000001,2e-06,3e-06,2e-06,2e-06,3e-06,1.0000000000000002e-06,0.0,0.0
677,1,677,0.896043,6e-06,3e-06,2e-06,2e-06,6e-06,4.000000000000001e-06,0.0,0.0
678,1,678,0.8717950000000002,2e-06,2e-06,2e-06,2e-06,2e-06,0.0,0.0,0.0
679,1,679,0.8763629999999997,2e-06,2e-06,2e-06,2e-06,2e-06,0.0,0.0,0.0
680,1,680,0.898451,6e-06,2e-06,2e-06,2e-06,6e-06,4.000000000000001e-06,0.0,0.0
681,1,681,0.8703599999999995,2e-06,2e-06,2e-06,2e-06,2e-06,0.0,0.0,0.0
682,1,682,0.8759520000000004,2e-06,2e-06,2e-06,2e-06,2e-06,0.0,0.0,0.0
683,1,683,0.8976669999999999,2e-06,2e-06,2e-06,2e-06,2e-06,0.0,0.0,0.0
684,1,684,0.871101,2e-06,2e-06,2e-06,2e-06,2e-06,0.0,0.0,0.0
685,1,685,0.8727469999999995,6e-06,2e-06,2e-06,2e-06,6e-06,4.000000000000001e-06,0.0,0.0
686,1,686,0.895128,2e-06,3e-06,2e-06,2e-06,3e-06,1.0000000000000002e-06,0.0,0.0
687,1,687,0.893271,2e-06,2e-06,2e-06,2e-06,2e-06,0.0,0.0,0.0
688,1,688,0.8697189999999996,2e-06,2e-06,2e-06,2e-06,2e-06,0.0,0.0,0.0
689,1,689,0.89732,2e-06,2e-06,2e-06,2e-06,2e-06,0.0,0.0,0.0
690,1,690,0.897004,2e-06,2e-06,6e-06,2e-06,6e-06,4.000000000000001e-06,0.0,0.0
691,1,691,0.8742979999999992,2e-06,2e-06,2e-06,2e-06,2e-06,0.0,0.0,0.0
692,1,692,0.894713,2e-06,2e-06,2e-06,2e-06,2e-06,0.0,0.0,0.0
693,1,693,0.894782,2e-06,2e-06,6e-06,2e-06,6e-06,4.000000000000001e-06,0.0,0.0
694,1,694,0.8709330000000005,2e-06,2e-06,2e-06,2e-06,2e-06,0.0,0.0,0.0
695,1,695,0.896016,6e-06,2e-06,2e-06,2e-06,6e-06,4.000000000000001e-06,0.0,0.0
696,1,696,0.8979980000000001,2e-06,2e-06,5e-06,2e-06,5e-06,3.0000000000000005e-06,0.0,0.0
697,1,697,0.8694649999999996,2e-06,2e-06,2e-06,2e-06,2e-06,0.0,0.0,0.0
698,1,698,0.891883,2e-06,2e-06,2e-06,2e-06,2e-06,0.0,0.0,0.0
699,1,699,0.892533,2e-06,2e-06,6e-06,2e-06,6e-06,4.000000000000001e-06,0.0,0.0
700,1,700,0.8721889999999992,2e-06,3e-06,2e-06,2e-06,3e-06,1.0000000000000002e-06,0.0,0.0
701,1,701,0.897325,2e-06,2e-06,2e-06,2e-06,2e-06,0.0,0.0,0.0
702,1,702,0.8705319999999999,2e-06,2e-06,6e-06,2e-06,6e-06,4.000000000000001e-06,0.0,0.0
703,1,703,0.8703669999999996,2e-06,2e-06,2e-06,2e-06,2e-06,0.0,0.0,0.0
704,1,704,0.895033,2e-06,2e-06,2e-06,2e-06,2e-06,0.0,0.0,0.0
705,1,705,0.869979,2e-06,2e-06,2e-06,2e-06,2e-06,0.0,0.0,0.0
706,1,706,0.8712359999999993,2e-06,2e-06,2e-06,2e-06,2e-06,0.0,0.0,0.0
707,1,707,0.895574,2e-06,2e-06,2e-06,2e-06,2e-06,0.0,0.0,0.0
708,1,708,0.870504,1e-06,2e-06,6e-06,2e-06,6e-06,5e-06,0.0,0.0
709,1,709,0.8704780000000003,6e-06,2e-06,2e-06,2e-06,6e-06,4.000000000000001e-06,0.0,0.0
710,1,710,0.897157,2e-06,2e-06,2e-06,2e-06,2e-06,0.0,0.0,0.0
711,1,711,0.8702160000000001,2e-06,2e-06,6e-06,2e-06,6e-06,4.000000000000001e-06,0.0,0.0
712,1,712,0.8740340000000005,2e-06,2e-06,2e-06,2e-06,2e-06,0.0,0.0,0.0
713,1,713,0.896784,2e-06,2e-06,2e-06,2e-06,2e-06,0.0,0.0,0.0
714,1,714,0.8708580000000001,2e-06,2e-06,6e-06,2e-06,6e-06,4.000000000000001e-06,0.0,0.0
715,1,715,0.869007,6e-06,2e-06,2e-06,2e-06,6e-06,4.000000000000001e-06,0.0,0.0
716,1,716,0.895764,6e-06,2e-06,2e-06,2e-06,6e-06,4.000000000000001e-06,0.0,0.0
717,1,717,0.8717940000000001,2e-06,2e-06,2e-06,2e-06,2e-06,0.0,0.0,0.0
718,1,718,0.8703200000000001,2e-06,2e-06,2e-06,2e-06,2e-06,0.0,0.0,0.0
719,1,719,0.896636,2e-06,2e-06,2e-06,2e-06,2e-06,0.0,0.0,0.0
720,1,720,0.8695599999999996,1e-06,2e-06,2e-06,2e-06,2e-06,1e-06,0.0,0.0
721,1,721,0.871209,6e-06,2e-06,2e-06,2e-06,6e-06,4.000000000000001e-06,0.0,0.0
722,1,722,0.89697,6e-06,2e-06,2e-06,2e-06,6e-06,4.000000000000001e-06,0.0,0.0
723,1,723,0.8717899999999995,1e-06,2e-06,2e-06,2e-06,2e-06,1e-06,0.0,0.0
724,1,724,0.873327,6e-06,2e-06,2e-06,2e-06,6e-06,4.000000000000001e-06,0.0,0.0
725,1,725,0.898318,6e-06,2e-06,2e-06,2e-06,6e-06,4.000000000000001e-06,0.0,0.0
726,1,726,0.8682020000000007,2e-06,2e-06,2e-06,2e-06,2e-06,0.0,0.0,0.0
727,1,727,0.868842,6e-06,2e-06,2e-06,2e-06,6e-06,4.000000000000001e-06,0.0,0.0
728,1,728,0.895402,2e-06,2e-06,2e-06,2e-06,2e-06,0.0,0.0,0.0
729,1,729,0.8712109999999994,2e-06,2e-06,2e-06,2e-06,2e-06,0.0,0.0,0.0
730,1,730,0.8707280000000001,6e-06,2e-06,2e-06,2e-06,6e-06,4.000000000000001e-06,0.0,0.0
731,1,731,0.895515,2e-06,2e-06,2e-06,2e-06,2e-06,0.0,0.0,0.0
732,1,732,0.8742829999999998,2e-06,2e-06,2e-06,2e-06,2e-06,0.0,0.0,0.0
733,1,733,0.868089,2e-06,2e-06,2e-06,2e-06,2e-06,0.0,0.0,0.0
734,1,734,0.897695,2e-06,2e-06,2e-06,2e-06,2e-06,0.0,0.0,0.0
735,1,735,0.87011,2e-06,2e-06,2e-06,2e-06,2e-06,0.0,0.0,0.0
736,1,736,0.8714669999999999,2e-06,2e-06,2e-06,2e-06,2e-06,0.0,0.0,0.0
737,1,737,0.896631,2e-06,2e-06,2e-06,2e-06,2e-06,0.0,0.0,0.0
738,1,738,0.8719679999999995,2e-06,2e-06,2e-06,2e-06,2e-06,0.0,0.0,0.0
739,1,739,0.8729339999999999,6e-06,2e-06,2e-06,2e-06,6e-06,4.000000000000001e-06,0.0,0.0
740,1,740,0.897009,2e-06,2e-06,2e-06,2e-06,2e-06,0.0,0.0,0.0
741,1,741,0.8688740000000008,2e-06,2e-06,6e-06,2e-06,6e-06,4.000000000000001e-06,0.0,0.0
742,1,742,0.894647,6e-06,2e-06,2e-06,2e-06,6e-06,4.000000000000001e-06,0.0,0.0
743,1,743,0.89641,6e-06,2e-06,2e-06,2e-06,6e-06,4.000000000000001e-06,0.0,0.0
744,1,744,0.8708870000000003,1e-06,2e-06,2e-06,2e-06,2e-06,1e-06,0.0,0.0
745,1,745,0.896216,2e-06,2e-06,2e-06,2e-06,2e-06,0.0,0.0,0.0
746,1,746,0.896136,2e-06,2e-06,2e-06,2e-06,2e-06,0.0,0.0,0.0
747,1,747,0.8757749999999996,2e-06,2e-06,2e-06,2e-06,2e-06,0.0,0.0,0.0
748,1,748,0.898978,6e-06,2e-06,2e-06,2e-06,6e-06,4.000000000000001e-06,0.0,0.0
749,1,749,0.896509,6e-06,2e-06,6e-06,2e-06,6e-06,4.000000000000001e-06,0.0,0.0
750,1,750,0.8683069999999997,2e-06,2e-06,6e-06,2e-06,6e-06,4.000000000000001e-06,0.0,0.0
751,1,751,0.89624,6e-06,2e-06,2e-06,2e-06,6e-06,4.000000000000001e-06,0.0,0.0
752,1,752,0.8688709999999997,2e-06,2e-06,5e-06,2e-06,5e-06,3.0000000000000005e-06,0.0,0.0
753,1,753,0.8722679999999999,2e-06,2e-06,7e-06,2e-06,7e-06,4.9999999999999996e-06,0.0,0.0
754,1,754,0.89744,2e-06,2e-06,2e-06,2e-06,2e-06,0.0,0.0,0.0
755,1,755,0.8693030000000005,2e-06,2e-06,2e-06,2e-06,2e-06,0.0,0.0,0.0
756,1,756,0.8699200000000001,2e-06,2e-06,2e-06,2e-06,2e-06,0.0,0.0,0.0
757,1,757,0.895692,2e-06,2e-06,2e-06,2e-06,2e-06,0.0,0.0,0.0
758,1,758,0.8703640000000004,2e-06,2e-06,6e-06,2e-06,6e-06,4.000000000000001e-06,0.0,0.0
759,1,759,0.872109,2e-06,2e-06,2e-06,3e-06,3e-06,1.0000000000000002e-06,0.0,0.0
760,1,760,0.896686,2e-06,2e-06,2e-06,2e-06,2e-06,0.0,0.0,0.0
761,1,761,0.872105,2e-06,2e-06,2e-06,2e-06,2e-06,0.0,0.0,0.0
762,1,762,0.8717579999999999,2e-06,2e-06,2e-06,2e-06,2e-06,0.0,0.0,0.0
763,1,763,0.8971529999999999,2e-06,2e-06,2e-06,2e-06,2e-06,0.0,0.0,0.0
764,1,764,0.871587,2e-06,2e-06,2e-06,2e-06,2e-06,0.0,0.0,0.0
765,1,765,0.8701139999999997,2e-06,2e-06,2e-06,2e-06,2e-06,0.0,0.0,0.0
766,1,766,0.8983360000000001,5e-06,2e-06,2e-06,2e-06,5e-06,3.0000000000000005e-06,0.0,0.0
767,1,767,0.8703249999999999,2e-06,2e-06,2e-06,2e-06,2e-06,0.0,0.0,0.0
768,1,768,0.8728240000000002,2e-06,2e-06,2e-06,2e-06,2e-06,0.0,0.0,0.0
769,1,769,0.898835,6e-06,2e-06,2e-06,2e-06,6e-06,4.000000000000001e-06,0.0,0.0
770,1,770,0.870923,2e-06,2e-06,2e-06,2e-06,2e-06,0.0,0.0,0.0
771,1,771,0.8698449999999999,2e-06,2e-06,2e-06,2e-06,2e-06,0.0,0.0,0.0
772,1,772,0.895927,2e-06,2e-06,2e-06,2e-06,2e-06,0.0,0.0,0.0
773,1,773,0.872143,2e-06,2e-06,2e-06,2e-06,2e-06,0.0,0.0,0.0
774,1,774,0.8715859999999994,2e-06,2e-06,2e-06,2e-06,2e-06,0.0,0.0,0.0
775,1,775,0.898108,2e-06,2e-06,2e-06,2e-06,2e-06,0.0,0.0,0.0
776,1,776,0.8711389999999996,2e-06,2e-06,2e-06,2e-06,2e-06,0.0,0.0,0.0
777,1,777,0.8696160000000003,2e-06,2e-06,2e-06,2e-06,2e-06,0.0,0.0,0.0
778,1,778,0.896658,6e-06,2e-06,2e-06,2e-06,6e-06,4.000000000000001e-06,0.0,0.0
779,1,779,0.871025,2e-06,2e-06,2e-06,2e-06,2e-06,0.0,0.0,0.0
780,1,780,0.8696959999999999,2e-06,2e-06,2e-06,2e-06,2e-06,0.0,0.0,0.0
781,1,781,0.894996,6e-06,2e-06,2e-06,2e-06,6e-06,4.000000000000001e-06,0.0,0.0
782,1,782,0.8705550000000002,2e-06,2e-06,2e-06,3e-06,3e-06,1.0000000000000002e-06,0.0,0.0
783,1,783,0.8691160000000009,2e-06,2e-06,6e-06,2e-06,6e-06,4.000000000000001e-06,0.0,0.0
784,1,784,0.894987,6e-06,2e-06,2e-06,2e-06,6e-06,4.000000000000001e-06,0.0,0.0
785,1,785,0.896373,2e-06,2e-06,2e-06,2e-06,2e-06,0.0,0.0,0.0
786,1,786,0.8741809999999998,2e-06,2e-06,2e-06,2e-06,2e-06,0.0,0.0,0.0
787,1,787,0.895515,2e-06,2e-06,2e-06,2e-06,2e-06,0.0,0.0,0.0
788,1,788,0.89649,2e-06,2e-06,2e-06,2e-06,2e-06,0.0,0.0,0.0
789,1,789,0.8712209999999994,2e-06,2e-06,6e-06,2e-06,6e-06,4.000000000000001e-06,0.0,0.0
790,1,790,0.896207,6e-06,3e-06,2e-06,2e-06,6e-06,4.000000000000001e-06,0.0,0.0
791,1,791,0.89381,2e-06,2e-06,2e-06,2e-06,2e-06,0.0,0.0,0.0
792,1,792,0.8697709999999997,2e-06,2e-06,2e-06,2e-06,2e-06,0.0,0.0,0.0
793,1,793,0.892662,2e-06,2e-06,2e-06,2e-06,2e-06,0.0,0.0,0.0
794,1,794,0.892944,2e-06,2e-06,2e-06,2e-06,2e-06,0.0,0.0,0.0
795,1,795,0.8708049999999998,2e-06,2e-06,6e-06,2e-06,6e-06,4.000000000000001e-06,0.0,0.0
796,1,796,0.897085,2e-06,2e-06,2e-06,2e-06,2e-06,0.0,0.0,0.0
797,1,797,0.898677,2e-06,2e-06,2e-06,2e-06,2e-06,0.0,0.0,0.0
798,1,798,0.8723039999999997,2e-06,2e-06,6e-06,2e-06,6e-06,4.000000000000001e-06,0.0,0.0
799,1,799,0.898072,2e-06,3e-06,2e-06,2e-06,3e-06,1.0000000000000002e-06,0.0,0.0
800,1,800,0.8955110000000001,2e-06,3e-06,2e-06,2e-06,3e-06,1.0000000000000002e-06,0.0,0.0
801,1,801,0.8712210000000002,2e-06,2e-06,6e-06,2e-06,6e-06,4.000000000000001e-06,0.0,0.0
802,1,802,0.8704449999999995,2e-06,2e-06,5e-06,2e-06,5e-06,3.0000000000000005e-06,0.0,0.0
803,1,803,0.896369,2e-06,2e-06,2e-06,2e-06,2e-06,0.0,0.0,0.0
804,1,804,0.8711450000000003,2e-06,2e-06,6e-06,2e-06,6e-06,4.000000000000001e-06,0.0,0.0
805,1,805,0.8704239999999994,2e-06,2e-06,2e-06,3e-06,3e-06,1.0000000000000002e-06,0.0,0.0
806,1,806,0.897218,2e-06,2e-06,2e-06,2e-06,2e-06,0.0,0.0,0.0
807,1,807,0.8698980000000001,2e-06,2e-06,6e-06,2e-06,6e-06,4.000000000000001e-06,0.0,0.0
808,1,808,0.8716760000000005,2e-06,2e-06,2e-06,2e-06,2e-06,0.0,0.0,0.0
809,1,809,0.896239,2e-06,2e-06,2e-06,3e-06,3e-06,1.0000000000000002e-06,0.0,0.0
810,1,810,0.8689839999999998,2e-06,2e-06,2e-06,6e-06,6e-06,4.000000000000001e-06,0.0,0.0
811,1,811,0.8719289999999998,2e-06,2e-06,2e-06,2e-06,2e-06,0.0,0.0,0.0
812,1,812,0.896308,2e-06,3e-06,3e-06,2e-06,3e-06,1.0000000000000002e-06,0.0,0.0
813,1,813,0.8694629999999997,2e-06,2e-06,6e-06,2e-06,6e-06,4.000000000000001e-06,0.0,0.0
814,1,814,0.8720249999999995,2e-06,2e-06,2e-06,2e-06,2e-06,0.0,0.0,0.0
815,1,815,0.893962,2e-06,2e-06,6e-06,2e-06,6e-06,4.000000000000001e-06,0.0,0.0
816,1,816,0.8707470000000002,2e-06,2e-06,6e-06,2e-06,6e-06,4.000000000000001e-06,0.0,0.0
817,1,817,0.8713519999999996,2e-06,2e-06,2e-06,2e-06,2e-06,0.0,0.0,0.0
818,1,818,0.896214,2e-06,2e-06,2e-06,2e-06,2e-06,0.0,0.0,0.0
819,1,819,0.8693969999999998,2e-06,2e-06,6e-06,2e-06,6e-06,4.000000000000001e-06,0.0,0.0
820,1,820,0.8718749999999995,2e-06,2e-06,2e-06,5e-06,5e-06,3.0000000000000005e-06,0.0,0.0
821,1,821,0.89531,2e-06,2e-06,5e-06,2e-06,5e-06,3.0000000000000005e-06,0.0,0.0
822,1,822,0.8709349999999998,2e-06,2e-06,2e-06,6e-06,6e-06,4.000000000000001e-06,0.0,0.0
823,1,823,0.8697250000000003,2e-06,2e-06,2e-06,3e-06,3e-06,1.0000000000000002e-06,0.0,0.0
824,1,824,0.8692129999999993,2e-06,2e-06,6e-06,3e-06,6e-06,4.000000000000001e-06,0.0,0.0
825,1,825,0.894186,2e-06,2e-06,2e-06,2e-06,2e-06,0.0,0.0,0.0
826,1,826,0.897657,2e-06,2e-06,2e-06,2e-06,2e-06,0.0,0.0,0.0
827,1,827,0.872058,2e-06,2e-06,6e-06,2e-06,6e-06,4.000000000000001e-06,0.0,0.0
828,1,828,0.895125,2e-06,2e-06,2e-06,2e-06,2e-06,0.0,0.0,0.0
829,1,829,0.8953279999999999,2e-06,2e-06,2e-06,2e-06,2e-06,0.0,0.0,0.0
830,1,830,0.8713449999999998,2e-06,2e-06,6e-06,2e-06,6e-06,4.000000000000001e-06,0.0,0.0
831,1,831,0.894679,2e-06,2e-06,2e-06,2e-06,2e-06,0.0,0.0,0.0
832,1,832,0.893227,6e-06,2e-06,2e-06,2e-06,6e-06,4.000000000000001e-06,0.0,0.0
833,1,833,0.870707,2e-06,2e-06,2e-06,2e-06,2e-06,0.0,0.0,0.0
834,1,834,0.896922,2e-06,2e-06,2e-06,2e-06,2e-06,0.0,0.0,0.0
835,1,835,0.897773,2e-06,2e-06,2e-06,3e-06,3e-06,1.0000000000000002e-06,0.0,0.0
836,1,836,0.8722599999999995,2e-06,2e-06,2e-06,2e-06,2e-06,0.0,0.0,0.0
837,1,837,0.8967790000000001,2e-06,4e-06,2e-06,2e-06,4e-06,2e-06,0.0,0.0
838,1,838,0.891874,2e-06,2e-06,6e-06,3e-06,6e-06,4.000000000000001e-06,0.0,0.0
839,1,839,0.8694200000000001,2e-06,2e-06,5e-06,2e-06,5e-06,3.0000000000000005e-06,0.0,0.0
840,1,840,0.89485,2e-06,3e-06,2e-06,2e-06,3e-06,1.0000000000000002e-06,0.0,0.0
841,1,841,0.897352,2e-06,2e-06,2e-06,3e-06,3e-06,1.0000000000000002e-06,0.0,0.0
842,1,842,0.8705599999999999,2e-06,2e-06,2e-06,2e-06,2e-06,0.0,0.0,0.0
843,1,843,0.896462,2e-06,3e-06,2e-06,2e-06,3e-06,1.0000000000000002e-06,0.0,0.0
844,1,844,0.896431,2e-06,2e-06,2e-06,2e-06,2e-06,0.0,0.0,0.0
845,1,845,0.8692300000000004,2e-06,2e-06,2e-06,3e-06,3e-06,1.0000000000000002e-06,0.0,0.0
846,1,846,0.896079,2e-06,2e-06,2e-06,2e-06,2e-06,0.0,0.0,0.0
847,1,847,0.898647,2e-06,2e-06,2e-06,3e-06,3e-06,1.0000000000000002e-06,0.0,0.0
848,1,848,0.8711169999999996,2e-06,2e-06,2e-06,2e-06,2e-06,0.0,0.0,0.0
849,1,849,0.895983,2e-06,2e-06,2e-06,2e-06,2e-06,0.0,0.0,0.0
850,1,850,0.894844,2e-06,2e-06,2e-06,2e-06,2e-06,0.0,0.0,0.0
