,Slowest end time,Training end time,Delay time (sec),Training stall time (sec),Training Stall time (sec)_gpu0,Training Stall time (sec)_gpu1,Training Stall time (sec)_gpu2,Training Stall time (sec)_gpu3
1,2021-08-19 14:46:47.108000,2021-08-19 14:46:48.018000,0,0,0,0,0,0
2,2021-08-19 14:46:47.287000,2021-08-19 14:46:48.928300,0,0,0,0,0,0
3,2021-08-19 14:46:50.988000,2021-08-19 14:46:51.898300,2.0597,2.0597,0,0,2.0597,0
4,2021-08-19 14:46:55.694580,2021-08-19 14:46:56.604880,0.06904999999999983,3.79628,3.72723,3.778787,3.767307,3.79628
5,2021-08-19 14:46:56.317499,2021-08-19 14:46:57.515180,0,0,0,0,0,0
6,2021-08-19 14:46:59.643457,2021-08-19 14:47:00.553757,2.128277,2.128277,0,0,2.128277,0
7,2021-08-19 14:47:04.428408,2021-08-19 14:47:05.338708,0.0471379999999999,3.874651,3.827513,3.874651,3.793482,3.666968
8,2021-08-19 14:47:04.796309,2021-08-19 14:47:06.249008,0,0,0,0,0,0
9,2021-08-19 14:47:08.685386,2021-08-19 14:47:09.595686,2.436378,2.436378,0,0,2.436378,0
10,2021-08-19 14:47:13.419310,2021-08-19 14:47:14.329610,0.33645400000000025,3.823624,3.48717,3.823624,3.506317,3.520161
11,2021-08-19 14:47:13.441661,2021-08-19 14:47:15.239910,0,0,0,0,0,0
12,2021-08-19 14:47:17.380244,2021-08-19 14:47:18.290544,2.140334,2.140334,0,0,2.140334,0
13,2021-08-19 14:47:22.555135,2021-08-19 14:47:23.465435,0.7301140000000004,4.264591,3.534477,4.264591,3.429975,3.577232
14,2021-08-19 14:47:22.328834,2021-08-19 14:47:24.375735,0,0,0,0,0,0
15,2021-08-19 14:47:26.191293,2021-08-19 14:47:27.101593,1.815558,1.815558,0,0,1.815558,0
16,2021-08-19 14:47:31.295144,2021-08-19 14:47:32.205444,0.7728520000000003,4.193551,3.420699,4.193551,3.367554,3.449312
17,2021-08-19 14:47:30.950643,2021-08-19 14:47:33.115744,0,0,0,0,0,0
18,2021-08-19 14:47:34.956922,2021-08-19 14:47:35.867222,1.841178,1.841178,0,0,1.841178,0
19,2021-08-19 14:47:39.898322,2021-08-19 14:47:40.808622,0.4187320000000003,4.0311,3.612368,4.0311,3.763515,3.466496
20,2021-08-19 14:47:39.899892,2021-08-19 14:47:41.718922,0,0,0,0,0,0
21,2021-08-19 14:47:43.604789,2021-08-19 14:47:44.515089,1.885867,1.885867,0,0,1.885867,0
22,2021-08-19 14:47:49.207567,2021-08-19 14:47:50.117867,0.5327550000000008,4.692478,4.159723,4.692478,3.879911,3.763554
23,2021-08-19 14:47:48.785607,2021-08-19 14:47:51.028167,0,0,0,0,0,0
24,2021-08-19 14:47:52.414345,2021-08-19 14:47:53.324645,1.386178,1.386178,0,0,1.386178,0
25,2021-08-19 14:47:59.409010,2021-08-19 14:48:00.319310,0.0,6.084365,6.084365,4.388439,3.969848,3.815184
26,2021-08-19 14:47:57.829287,2021-08-19 14:48:01.229610,0,0,0,0,0,0
27,2021-08-19 14:48:01.206896,2021-08-19 14:48:02.139910,0,0,0,0,0,0
28,2021-08-19 14:48:08.282791,2021-08-19 14:48:09.193091,0.0,6.142881,6.142881,4.336403,4.042562,3.772837
29,2021-08-19 14:48:06.919113,2021-08-19 14:48:10.103391,0,0,0,0,0,0
30,2021-08-19 14:48:09.869105,2021-08-19 14:48:11.013691,0,0,0,0,0,0
31,2021-08-19 14:48:17.157742,2021-08-19 14:48:18.068042,0.0,6.144051,6.144051,4.277862,3.784996,3.602832
32,2021-08-19 14:48:22.235494,2021-08-19 14:48:23.145794,4.167452,4.167452,0,0,4.167452,0
33,2021-08-19 14:48:18.485746,2021-08-19 14:48:24.056094,0,0,0,0,0,0
34,2021-08-19 14:48:25.894319,2021-08-19 14:48:26.804619,0.0,1.838225,1.838225,0.262424,0,0
35,2021-08-19 14:48:31.390405,2021-08-19 14:48:32.300705,4.585786,4.585786,0,0,4.585786,0
36,2021-08-19 14:48:27.554387,2021-08-19 14:48:33.211005,0,0,0,0,0,0
37,2021-08-19 14:48:34.968174,2021-08-19 14:48:35.878474,0.0,1.757169,1.757169,0.144459,0,0
38,2021-08-19 14:48:40.201346,2021-08-19 14:48:41.111646,4.322872,4.322872,0,0,4.322872,0
39,2021-08-19 14:48:36.241420,2021-08-19 14:48:42.021946,0,0,0,0,0,0
40,2021-08-19 14:48:43.733614,2021-08-19 14:48:44.643914,0.0,1.711668,1.711668,0.388119,0,0
41,2021-08-19 14:48:53.332426,2021-08-19 14:48:54.242726,8.688512,8.688512,0,0,8.688512,0
42,2021-08-19 14:48:45.206349,2021-08-19 14:48:55.153026,0,0,0,0,0,0
43,2021-08-19 14:48:52.268248,2021-08-19 14:48:56.063326,0,0,0,0,0,0
44,2021-08-19 14:49:02.127422,2021-08-19 14:49:03.037722,6.064096,6.064096,0,0,6.064096,0
45,2021-08-19 14:48:53.796417,2021-08-19 14:49:03.948022,0,0,0,0,0,0
46,2021-08-19 14:49:01.599152,2021-08-19 14:49:04.858322,0,0,0,0,0,0
47,2021-08-19 14:49:11.216675,2021-08-19 14:49:12.126975,6.358353,6.358353,0,0,6.358353,0
48,2021-08-19 14:49:04.806208,2021-08-19 14:49:13.037275,0,0,0,0,0,0
49,2021-08-19 14:49:10.866300,2021-08-19 14:49:13.947575,0,0,0,0,0,0
50,2021-08-19 14:49:20.416160,2021-08-19 14:49:21.326460,6.468585,6.468585,0,0,6.468585,0
51,2021-08-19 14:49:13.662258,2021-08-19 14:49:22.236760,0,0,0,0,0,0
52,2021-08-19 14:49:19.848750,2021-08-19 14:49:23.147060,0,0,0,0,0,0
53,2021-08-19 14:49:29.363300,2021-08-19 14:49:30.273600,6.21624,6.21624,0,0,6.21624,0
54,2021-08-19 14:49:22.624906,2021-08-19 14:49:31.183900,0,0,0,0,0,0
55,2021-08-19 14:49:28.966087,2021-08-19 14:49:32.094200,0,0,0,0,0,0
56,2021-08-19 14:49:38.509496,2021-08-19 14:49:39.419796,6.415296,6.415296,0,0,6.415296,0
57,2021-08-19 14:49:31.445580,2021-08-19 14:49:40.330096,0,0,0,0,0,0
58,2021-08-19 14:49:38.097431,2021-08-19 14:49:41.240396,0,0,0,0,0,0
59,2021-08-19 14:49:49.064372,2021-08-19 14:49:49.974672,7.823976,7.823976,0,0,7.823976,0
60,2021-08-19 14:49:40.472764,2021-08-19 14:49:50.884972,0,0,0,0,0,0
61,2021-08-19 14:49:47.813225,2021-08-19 14:49:51.795272,0,0,0,0,0,0
62,2021-08-19 14:49:58.079027,2021-08-19 14:49:58.989327,6.283755,6.283755,0,0,6.283755,0
63,2021-08-19 14:49:50.300926,2021-08-19 14:49:59.899627,0,0,0,0,0,0
64,2021-08-19 14:49:56.921550,2021-08-19 14:50:00.809927,0,0,0,0,0,0
65,2021-08-19 14:50:07.048384,2021-08-19 14:50:07.958684,6.238457,6.238457,0,2.105489,6.238457,0
66,2021-08-19 14:50:03.754094,2021-08-19 14:50:08.868984,0,0,0,0,0,0
67,2021-08-19 14:50:05.604504,2021-08-19 14:50:09.779284,0,0,0,0,0,0
68,2021-08-19 14:50:15.669932,2021-08-19 14:50:16.580232,5.890648,5.890648,0,2.319271,5.890648,0
69,2021-08-19 14:50:12.660810,2021-08-19 14:50:17.490532,0,0,0,0,0,0
70,2021-08-19 14:50:14.691889,2021-08-19 14:50:18.400832,0,0,0,0,0,0
71,2021-08-19 14:50:24.564957,2021-08-19 14:50:25.475257,6.164125,6.164125,0,2.844665,6.164125,0
72,2021-08-19 14:50:22.052598,2021-08-19 14:50:26.385557,0,0,0,0,0,0
73,2021-08-19 14:50:23.638179,2021-08-19 14:50:27.295857,0,0,0,0,0,0
74,2021-08-19 14:50:33.422036,2021-08-19 14:50:34.332336,6.126179,6.126179,0,2.752797,6.126179,0
75,2021-08-19 14:50:31.174699,2021-08-19 14:50:35.242636,0,0,0,0,0,0
76,2021-08-19 14:50:32.608763,2021-08-19 14:50:36.152936,0,0,0,0,0,0
77,2021-08-19 14:50:42.318299,2021-08-19 14:50:43.228599,6.165363,6.165363,0,5.647641,6.165363,0
78,2021-08-19 14:50:40.651107,2021-08-19 14:50:44.138899,0,0,0,0,0,0
79,2021-08-19 14:50:41.894575,2021-08-19 14:50:45.049199,0,0,0,0,0,0
80,2021-08-19 14:50:59.699036,2021-08-19 14:51:00.609336,14.649837,14.649837,0,5.521788,14.649837,0
81,2021-08-19 14:50:49.651426,2021-08-19 14:51:01.519636,0,0,0,0,0,0
82,2021-08-19 14:50:50.504106,2021-08-19 14:51:02.429936,0,0,0,0,0,0
83,2021-08-19 14:51:07.707322,2021-08-19 14:51:08.617622,5.277386,5.277386,0,0,5.277386,0
84,2021-08-19 14:50:58.656131,2021-08-19 14:51:09.527922,0,0,0,0,0,0
85,2021-08-19 14:50:59.082116,2021-08-19 14:51:10.438222,0,0,0,0,0,0
86,2021-08-19 14:51:16.887331,2021-08-19 14:51:17.797631,6.449109,6.449109,0,0,6.449109,0
87,2021-08-19 14:51:10.977225,2021-08-19 14:51:18.707931,0,0,0,0,0,0
88,2021-08-19 14:51:11.591546,2021-08-19 14:51:19.618231,0,0,0,0,0,0
89,2021-08-19 14:51:25.597357,2021-08-19 14:51:26.507657,5.979126,5.979126,0,0,5.979126,0
90,2021-08-19 14:51:19.830378,2021-08-19 14:51:27.417957,0,0,0,0,0,0
91,2021-08-19 14:51:20.762034,2021-08-19 14:51:28.328257,0,0,0,0,0,0
92,2021-08-19 14:51:34.652626,2021-08-19 14:51:35.562926,6.324369,6.324369,0,0,6.324369,0
93,2021-08-19 14:51:28.853044,2021-08-19 14:51:36.473226,0,0,0,0,0,0
94,2021-08-19 14:51:29.937172,2021-08-19 14:51:37.383526,0,0,0,0,0,0
95,2021-08-19 14:51:43.644078,2021-08-19 14:51:44.554378,6.260552,6.260552,0,0,6.260552,0
96,2021-08-19 14:51:38.376587,2021-08-19 14:51:45.464678,0,0,0,0,0,0
97,2021-08-19 14:51:41.543968,2021-08-19 14:51:46.374978,0,0,0,0,0,0
98,2021-08-19 14:51:53.105626,2021-08-19 14:51:54.015926,6.730648,6.730648,0,0,6.730648,0
99,2021-08-19 14:51:47.453047,2021-08-19 14:51:54.926226,0,0,0,0,0,0
100,2021-08-19 14:51:50.402560,2021-08-19 14:51:55.836526,0,0,0,0,0,0
101,2021-08-19 14:52:02.270979,2021-08-19 14:52:03.181279,6.434453,6.434453,0,0,6.434453,0
102,2021-08-19 14:51:56.942581,2021-08-19 14:52:04.091579,0,0,0,0,0,0
103,2021-08-19 14:51:59.467395,2021-08-19 14:52:05.001879,0,0,0,0,0,0
104,2021-08-19 14:52:11.394928,2021-08-19 14:52:12.305228,6.393049,6.393049,0,0,6.393049,0
105,2021-08-19 14:52:05.811840,2021-08-19 14:52:13.215528,0,0,0,0,0,0
106,2021-08-19 14:52:08.507495,2021-08-19 14:52:14.125828,0,0,0,0,0,0
107,2021-08-19 14:52:20.279624,2021-08-19 14:52:21.189924,6.153796,6.153796,0,0,6.153796,0
108,2021-08-19 14:52:14.554277,2021-08-19 14:52:22.100224,0,0,0,0,0,0
109,2021-08-19 14:52:17.435335,2021-08-19 14:52:23.010524,0,0,0,0,0,0
110,2021-08-19 14:52:29.541193,2021-08-19 14:52:30.451493,6.530669,6.530669,0,0,6.530669,0
111,2021-08-19 14:52:23.175012,2021-08-19 14:52:31.361793,0,0,0,0,0,0
112,2021-08-19 14:52:26.387121,2021-08-19 14:52:32.272093,0,0,0,0,0,0
113,2021-08-19 14:52:38.483219,2021-08-19 14:52:39.393519,6.211126,6.211126,0,0,6.211126,0
114,2021-08-19 14:52:32.191778,2021-08-19 14:52:40.303819,0,0,0,0,0,0
115,2021-08-19 14:52:35.808429,2021-08-19 14:52:41.214119,0,0,0,0,0,0
116,2021-08-19 14:52:49.690554,2021-08-19 14:52:50.600854,8.476435,8.476435,0,0,8.476435,0
117,2021-08-19 14:52:41.128405,2021-08-19 14:52:51.511154,0,0,0,0,0,0
118,2021-08-19 14:52:45.176962,2021-08-19 14:52:52.421454,0,0,0,0,0,0
119,2021-08-19 14:53:04.434851,2021-08-19 14:53:05.345151,0.0,12.013397,12.013397,0,5.339584,0
120,2021-08-19 14:52:49.980022,2021-08-19 14:53:06.255451,0,0,0,0,0,0
121,2021-08-19 14:52:53.662634,2021-08-19 14:53:07.165751,0,0,0,0,0,0
122,2021-08-19 14:53:13.235481,2021-08-19 14:53:14.145781,0.0,6.06973,6.06973,0,0.768697,0
123,2021-08-19 14:53:06.815433,2021-08-19 14:53:15.056081,0,0,0,0,0,0
124,2021-08-19 14:53:02.247815,2021-08-19 14:53:15.966381,0,0,0,0,0,0
125,2021-08-19 14:53:22.205579,2021-08-19 14:53:23.115879,0.0,6.239198,6.239198,0,0.753157,0
126,2021-08-19 14:53:15.626012,2021-08-19 14:53:24.026179,0,0,0,0,0,0
127,2021-08-19 14:53:16.267753,2021-08-19 14:53:24.936479,0,0,0,0,0,0
128,2021-08-19 14:53:31.197803,2021-08-19 14:53:32.108103,0.0,6.261324,6.261324,0,0.508958,0
129,2021-08-19 14:53:24.589811,2021-08-19 14:53:33.018403,0,0,0,0,0,0
130,2021-08-19 14:53:25.482982,2021-08-19 14:53:33.928703,0,0,0,0,0,0
131,2021-08-19 14:53:40.137879,2021-08-19 14:53:41.048179,0.0,6.209176,6.209176,0,0.267777,0
132,2021-08-19 14:53:33.656241,2021-08-19 14:53:41.958479,0,0,0,0,0,0
133,2021-08-19 14:53:34.479357,2021-08-19 14:53:42.868779,0,0,0,0,0,0
134,2021-08-19 14:53:49.315745,2021-08-19 14:53:50.226045,0.0,6.446966,6.446966,0,0.502621,0
135,2021-08-19 14:53:42.727478,2021-08-19 14:53:51.136345,0,0,0,0,0,0
136,2021-08-19 14:53:43.333169,2021-08-19 14:53:52.046645,0,0,0,0,0,0
137,2021-08-19 14:54:00.956154,2021-08-19 14:54:01.866454,0.0,8.909509,8.909509,0,0.341843,0
138,2021-08-19 14:53:51.813876,2021-08-19 14:54:02.776754,0,0,0,0,0,0
139,2021-08-19 14:53:52.383582,2021-08-19 14:54:03.687054,0,0,0,0,0,0
140,2021-08-19 14:54:09.688682,2021-08-19 14:54:10.598982,0.0,6.001628,6.001628,0,0,0
141,2021-08-19 14:54:11.404546,2021-08-19 14:54:12.314846,0.805564,0.805564,0,0,0.805564,0
142,2021-08-19 14:54:14.283258,2021-08-19 14:54:15.193558,1.968412,1.968412,0,0,1.968412,0
143,2021-08-19 14:54:18.827589,2021-08-19 14:54:19.737889,0.0,3.634031,3.634031,0,0,0
144,2021-08-19 14:54:20.215836,2021-08-19 14:54:21.126136,0.477947,0.477947,0,0,0.477947,0
145,2021-08-19 14:54:23.059322,2021-08-19 14:54:23.969622,1.933186,1.933186,0,0,1.933186,0
146,2021-08-19 14:54:27.900445,2021-08-19 14:54:28.810745,0.0,3.930823,3.930823,0,0,0
147,2021-08-19 14:54:28.917157,2021-08-19 14:54:29.827457,0.106412,0.106412,0,0,0.106412,0
148,2021-08-19 14:54:31.942772,2021-08-19 14:54:32.853072,2.115315,2.115315,0,0,2.115315,0
149,2021-08-19 14:54:36.864453,2021-08-19 14:54:37.774753,0.0,4.011381,4.011381,0,0,0
150,2021-08-19 14:54:37.918201,2021-08-19 14:54:38.828501,0.143448,0.143448,0,0,0.143448,0
151,2021-08-19 14:54:40.983279,2021-08-19 14:54:41.893579,2.154778,2.154778,0,0,2.154778,0
152,2021-08-19 14:54:45.797280,2021-08-19 14:54:46.707580,0.0,3.903701,3.903701,0,0,0
153,2021-08-19 14:54:46.770208,2021-08-19 14:54:47.680508,0.062628,0.062628,0,0,0.062628,0
154,2021-08-19 14:54:50.060405,2021-08-19 14:54:50.970705,2.379897,2.379897,0,0,2.379897,0
155,2021-08-19 14:54:54.883254,2021-08-19 14:54:55.793554,0.0,3.912549,3.912549,0,0,0
156,2021-08-19 14:54:55.663905,2021-08-19 14:54:56.703854,0,0,0,0,0,0
157,2021-08-19 14:54:58.978507,2021-08-19 14:54:59.888807,2.274653,2.274653,0,0,2.274653,0
158,2021-08-19 14:55:03.894768,2021-08-19 14:55:04.805068,0.0,4.005961,4.005961,0,0,0
159,2021-08-19 14:55:04.729948,2021-08-19 14:55:05.715368,0,0,0,0,0,0
160,2021-08-19 14:55:07.778936,2021-08-19 14:55:08.689236,2.063568,2.063568,0,0,2.063568,0
161,2021-08-19 14:55:12.944831,2021-08-19 14:55:13.855131,0.0,4.255595,4.255595,0,0,0
162,2021-08-19 14:55:13.794309,2021-08-19 14:55:14.765431,0,0,0,0,0,0
163,2021-08-19 14:55:17.201999,2021-08-19 14:55:18.112299,2.436568,2.436568,0,0,2.436568,0
164,2021-08-19 14:55:22.163042,2021-08-19 14:55:23.073342,0.0,4.050743,4.050743,0,0,0
165,2021-08-19 14:55:22.802929,2021-08-19 14:55:23.983642,0,0,0,0,0,0
166,2021-08-19 14:55:26.149345,2021-08-19 14:55:27.059645,2.165703,2.165703,0,0,2.165703,0
167,2021-08-19 14:55:31.493482,2021-08-19 14:55:32.403782,0.0,4.433837,4.433837,0,0,0
168,2021-08-19 14:55:31.711114,2021-08-19 14:55:33.314082,0,0,0,0,0,0
169,2021-08-19 14:55:35.151759,2021-08-19 14:55:36.062059,1.837677,1.837677,0,0,1.837677,0
170,2021-08-19 14:55:40.246562,2021-08-19 14:55:41.156862,0.0,4.184503,4.184503,0,0,0
171,2021-08-19 14:55:40.679474,2021-08-19 14:55:42.067162,0,0,0,0,0,0
172,2021-08-19 14:55:43.954290,2021-08-19 14:55:44.864590,1.887128,1.887128,0,0,1.887128,0
173,2021-08-19 14:55:49.186950,2021-08-19 14:55:50.097250,0.0,4.32236,4.32236,0,0,0
174,2021-08-19 14:55:49.632248,2021-08-19 14:55:51.007550,0,0,0,0,0,0
175,2021-08-19 14:55:52.952077,2021-08-19 14:55:53.862377,1.944527,1.944527,0,0,1.944527,0
176,2021-08-19 14:55:58.378086,2021-08-19 14:55:59.288386,0.0,4.515709,4.515709,0,0,0
177,2021-08-19 14:55:58.663066,2021-08-19 14:56:00.198686,0,0,0,0,0,0
178,2021-08-19 14:56:11.610243,2021-08-19 14:56:12.520543,11.411557,11.411557,0,0,11.411557,0
179,2021-08-19 14:56:07.746591,2021-08-19 14:56:13.430843,0,0,0,0,0,0
180,2021-08-19 14:56:07.309345,2021-08-19 14:56:14.341143,0,0,0,0,0,0
181,2021-08-19 14:56:20.221641,2021-08-19 14:56:21.131941,5.880498,5.880498,0,0,5.880498,0
182,2021-08-19 14:56:15.853719,2021-08-19 14:56:22.042241,0,0,0,0,0,0
183,2021-08-19 14:56:15.597981,2021-08-19 14:56:22.952541,0,0,0,0,0,0
184,2021-08-19 14:56:29.311114,2021-08-19 14:56:30.221414,6.358573,6.358573,0,0,6.358573,0
185,2021-08-19 14:56:25.004567,2021-08-19 14:56:31.131714,0,0,0,0,0,0
186,2021-08-19 14:56:24.675538,2021-08-19 14:56:32.042014,0,0,0,0,0,0
187,2021-08-19 14:56:37.990723,2021-08-19 14:56:38.901023,5.948709,5.948709,0,0,5.948709,0
188,2021-08-19 14:56:34.413606,2021-08-19 14:56:39.811323,0,0,0,0,0,0
189,2021-08-19 14:56:33.778424,2021-08-19 14:56:40.721623,0,0,0,0,0,0
190,2021-08-19 14:56:46.712240,2021-08-19 14:56:47.622540,5.990617,5.990617,0,0,5.990617,0
191,2021-08-19 14:56:43.514885,2021-08-19 14:56:48.532840,0,0,0,0,0,0
192,2021-08-19 14:56:42.967047,2021-08-19 14:56:49.443140,0,0,0,0,0,0
193,2021-08-19 14:56:55.838264,2021-08-19 14:56:56.748564,5.905358,6.395124,0.489766,0,6.395124,0
194,2021-08-19 14:56:52.780245,2021-08-19 14:56:57.658864,0,0,0,0,0,0
195,2021-08-19 14:56:51.666312,2021-08-19 14:56:58.569164,0,0,0,0,0,0
196,2021-08-19 14:57:04.569318,2021-08-19 14:57:05.479618,4.95728,6.000154,1.042874,0,6.000154,0
197,2021-08-19 14:57:11.911045,2021-08-19 14:57:12.821345,6.431427,6.431427,0,6.431427,0,0
198,2021-08-19 14:57:00.619516,2021-08-19 14:57:13.731645,0,0,0,0,0,0
199,2021-08-19 14:57:13.400221,2021-08-19 14:57:14.641945,0,0,0,0,0,0
200,2021-08-19 14:57:20.683659,2021-08-19 14:57:21.593959,6.041714,6.041714,0,6.041714,0,0
201,2021-08-19 14:57:09.728486,2021-08-19 14:57:22.504259,0,0,0,0,0,0
202,2021-08-19 14:57:22.022449,2021-08-19 14:57:23.414559,0,0,0,0,0,0
203,2021-08-19 14:57:29.848362,2021-08-19 14:57:30.758662,6.433803,6.433803,0,6.433803,0,0
204,2021-08-19 14:57:23.199074,2021-08-19 14:57:31.668962,0,0,0,0,0,0
205,2021-08-19 14:57:30.849597,2021-08-19 14:57:32.579262,0,0,0,0,0,0
206,2021-08-19 14:57:38.713996,2021-08-19 14:57:39.624296,6.134734,6.134734,0,6.134734,0,0
207,2021-08-19 14:57:32.173189,2021-08-19 14:57:40.534596,0,0,0,0,0,0
208,2021-08-19 14:57:39.717079,2021-08-19 14:57:41.444896,0,0,0,0,0,0
209,2021-08-19 14:57:47.904909,2021-08-19 14:57:48.815209,6.460013,6.460013,0,6.460013,0,0
210,2021-08-19 14:57:49.907317,2021-08-19 14:57:50.817617,1.092108,1.092108,0,1.092108,0,0
211,2021-08-19 14:57:49.005473,2021-08-19 14:57:51.727917,0,0,0,0,0,0
212,2021-08-19 14:57:56.633908,2021-08-19 14:57:57.544208,4.905991,4.905991,0,4.905991,0,0
213,2021-08-19 14:57:58.588091,2021-08-19 14:57:59.498391,1.043883,1.043883,0,1.043883,0,0
214,2021-08-19 14:57:57.896226,2021-08-19 14:58:00.408691,0,0,0,0,0,0
215,2021-08-19 14:58:05.541228,2021-08-19 14:58:06.451528,5.132537,5.132537,0,5.132537,0,0
216,2021-08-19 14:58:07.624134,2021-08-19 14:58:08.534434,1.172606,1.172606,0,1.172606,0,0
217,2021-08-19 14:58:06.574748,2021-08-19 14:58:09.444734,0,0,0,0,0,0
218,2021-08-19 14:58:14.763049,2021-08-19 14:58:15.673349,5.318315,5.318315,0,5.318315,0,0
219,2021-08-19 14:58:16.442183,2021-08-19 14:58:17.352483,0.768834,0.768834,0,0.768834,0,0
220,2021-08-19 14:58:15.229836,2021-08-19 14:58:18.262783,0,0,0,0,0,0
221,2021-08-19 14:58:27.118616,2021-08-19 14:58:28.028916,8.855833,8.855833,0,5.273031,8.855833,0
222,2021-08-19 14:58:24.890793,2021-08-19 14:58:28.939216,0,0,0,0,0,0
223,2021-08-19 14:58:23.970654,2021-08-19 14:58:29.849516,0,0,0,0,0,0
224,2021-08-19 14:58:36.074237,2021-08-19 14:58:36.984537,6.224721,6.224721,0,2.357122,6.224721,0
225,2021-08-19 14:58:33.512856,2021-08-19 14:58:37.894837,0,0,0,0,0,0
226,2021-08-19 14:58:32.856870,2021-08-19 14:58:38.805137,0,0,0,0,0,0
227,2021-08-19 14:58:44.874422,2021-08-19 14:58:45.784722,6.069285,6.069285,0,2.441156,6.069285,0
228,2021-08-19 14:58:42.454235,2021-08-19 14:58:46.695022,0,0,0,0,0,0
229,2021-08-19 14:58:41.897315,2021-08-19 14:58:47.605322,0,0,0,0,0,0
230,2021-08-19 14:58:53.984723,2021-08-19 14:58:54.895023,6.379401,6.379401,0,2.916077,6.379401,0
231,2021-08-19 14:58:51.669086,2021-08-19 14:58:55.805323,0,0,0,0,0,0
232,2021-08-19 14:58:50.701220,2021-08-19 14:58:56.715623,0,0,0,0,0,0
233,2021-08-19 14:59:03.324713,2021-08-19 14:59:04.235013,6.60909,6.60909,0,2.762342,6.60909,0
234,2021-08-19 14:59:00.725211,2021-08-19 14:59:05.145313,0,0,0,0,0,0
235,2021-08-19 14:58:59.473264,2021-08-19 14:59:06.055613,0,0,0,0,0,0
236,2021-08-19 14:59:13.162010,2021-08-19 14:59:14.072310,7.106397,7.106397,0,2.279854,7.106397,0
237,2021-08-19 14:59:09.559294,2021-08-19 14:59:14.982610,0,0,0,0,0,0
238,2021-08-19 14:59:08.602690,2021-08-19 14:59:15.892910,0,0,0,0,0,0
239,2021-08-19 14:59:22.031553,2021-08-19 14:59:22.941853,6.138643,6.138643,0,1.113038,6.138643,0
240,2021-08-19 14:59:18.207025,2021-08-19 14:59:23.852153,0,0,0,0,0,0
241,2021-08-19 14:59:17.553241,2021-08-19 14:59:24.762453,0,0,0,0,0,0
242,2021-08-19 14:59:30.797350,2021-08-19 14:59:31.707650,6.034897,6.034897,0,1.171236,6.034897,0
243,2021-08-19 14:59:27.223745,2021-08-19 14:59:32.617950,0,0,0,0,0,0
244,2021-08-19 14:59:26.600526,2021-08-19 14:59:33.528250,0,0,0,0,0,0
245,2021-08-19 14:59:39.753518,2021-08-19 14:59:40.663818,6.225268,6.225268,0,1.214274,6.225268,0
246,2021-08-19 14:59:36.094104,2021-08-19 14:59:41.574118,0,0,0,0,0,0
247,2021-08-19 14:59:35.510470,2021-08-19 14:59:42.484418,0,0,0,0,0,0
248,2021-08-19 14:59:48.604370,2021-08-19 14:59:49.514670,6.119952,6.119952,0,1.30316,6.119952,0
249,2021-08-19 14:59:45.026922,2021-08-19 14:59:50.424970,0,0,0,0,0,0
250,2021-08-19 14:59:44.508018,2021-08-19 14:59:51.335270,0,0,0,0,0,0
251,2021-08-19 15:00:13.403061,2021-08-19 15:00:14.313361,22.067791,22.067791,0,1.934869,22.067791,0
252,2021-08-19 14:59:54.105057,2021-08-19 15:00:15.223661,0,0,0,0,0,0
253,2021-08-19 14:59:53.203670,2021-08-19 15:00:16.133961,0,0,0,0,0,0
254,2021-08-19 15:00:22.224950,2021-08-19 15:00:23.135250,6.090989,6.090989,0,0,6.090989,0
255,2021-08-19 15:00:02.479914,2021-08-19 15:00:24.045550,0,0,0,0,0,0
256,2021-08-19 15:00:01.679196,2021-08-19 15:00:24.955850,0,0,0,0,0,0
257,2021-08-19 15:00:33.229372,2021-08-19 15:00:34.139672,8.273522,8.273522,0,0,6.42965,8.273522
258,2021-08-19 15:00:24.027771,2021-08-19 15:00:35.049972,0,0,0,0,0,0
259,2021-08-19 15:00:24.915329,2021-08-19 15:00:35.960272,0,0,0,0,0,0
260,2021-08-19 15:00:42.205613,2021-08-19 15:00:43.115913,6.245341,6.245341,0,0,4.292557,6.245341
261,2021-08-19 15:00:33.825502,2021-08-19 15:00:44.026213,0,0,0,0,0,0
262,2021-08-19 15:00:34.407971,2021-08-19 15:00:44.936513,0,0,0,0,0,0
263,2021-08-19 15:00:50.951990,2021-08-19 15:00:51.862290,6.015477,6.015477,0,0,4.494434,6.015477
264,2021-08-19 15:00:44.301215,2021-08-19 15:00:52.772590,0,0,0,0,0,0
265,2021-08-19 15:00:45.255796,2021-08-19 15:00:53.682890,0,0,0,0,0,0
266,2021-08-19 15:00:59.830926,2021-08-19 15:01:00.741226,6.148036,6.148036,0,0,4.563551,6.148036
267,2021-08-19 15:00:53.515969,2021-08-19 15:01:01.651526,0,0,0,0,0,0
268,2021-08-19 15:00:54.363599,2021-08-19 15:01:02.561826,0,0,0,0,0,0
269,2021-08-19 15:01:08.950711,2021-08-19 15:01:09.861011,6.388885,6.388885,0,0,4.669218,6.388885
270,2021-08-19 15:01:02.791284,2021-08-19 15:01:10.771311,0,0,0,0,0,0
271,2021-08-19 15:01:02.994955,2021-08-19 15:01:11.681611,0,0,0,0,0,0
272,2021-08-19 15:01:18.030525,2021-08-19 15:01:18.940825,6.348914,6.348914,0,0,4.46086,6.348914
273,2021-08-19 15:01:11.879468,2021-08-19 15:01:19.851125,0,0,0,0,0,0
274,2021-08-19 15:01:12.204489,2021-08-19 15:01:20.761425,0,0,0,0,0,0
275,2021-08-19 15:01:27.308805,2021-08-19 15:01:28.219105,6.54738,6.54738,0,0,4.668634,6.54738
276,2021-08-19 15:01:21.005696,2021-08-19 15:01:29.129405,0,0,0,0,0,0
277,2021-08-19 15:01:21.456370,2021-08-19 15:01:30.039705,0,0,0,0,0,0
278,2021-08-19 15:01:36.316733,2021-08-19 15:01:37.227033,6.277028,6.277028,0,0,4.416357,6.277028
279,2021-08-19 15:01:29.800884,2021-08-19 15:01:38.137333,0,0,0,0,0,0
280,2021-08-19 15:01:30.517397,2021-08-19 15:01:39.047633,0,0,0,0,0,0
281,2021-08-19 15:01:45.362662,2021-08-19 15:01:46.272962,6.315029,6.315029,0,0,4.903464,6.315029
282,2021-08-19 15:01:38.922138,2021-08-19 15:01:47.183262,0,0,0,0,0,0
283,2021-08-19 15:01:40.358057,2021-08-19 15:01:48.093562,0,0,0,0,0,0
284,2021-08-19 15:01:54.490501,2021-08-19 15:01:55.400801,6.396939,6.396939,0,0,4.920358,6.396939
285,2021-08-19 15:01:48.239916,2021-08-19 15:01:56.311101,0,0,0,0,0,0
286,2021-08-19 15:01:49.595929,2021-08-19 15:01:57.221401,0,0,0,0,0,0
287,2021-08-19 15:02:03.630177,2021-08-19 15:02:04.540477,6.408776,6.408776,0,0,5.151016,6.408776
288,2021-08-19 15:01:57.290160,2021-08-19 15:02:05.450777,0,0,0,0,0,0
289,2021-08-19 15:01:58.420756,2021-08-19 15:02:06.361077,0,0,0,0,0,0
290,2021-08-19 15:02:12.544326,2021-08-19 15:02:13.454626,6.183249,6.183249,0,0,5.196592,6.183249
291,2021-08-19 15:02:06.806770,2021-08-19 15:02:14.364926,0,0,0,0,0,0
292,2021-08-19 15:02:07.291962,2021-08-19 15:02:15.275226,0,0,0,0,0,0
293,2021-08-19 15:02:21.561317,2021-08-19 15:02:22.471617,6.286091,6.286091,0,0,5.341135,6.286091
294,2021-08-19 15:02:15.544635,2021-08-19 15:02:23.381917,0,0,0,0,0,0
295,2021-08-19 15:02:16.208279,2021-08-19 15:02:24.292217,0,0,0,0,0,0
296,2021-08-19 15:02:30.356108,2021-08-19 15:02:31.266408,6.063891,6.063891,0,0,5.457316,6.063891
297,2021-08-19 15:02:24.975117,2021-08-19 15:02:32.176708,0,0,0,0,0,0
298,2021-08-19 15:02:25.251042,2021-08-19 15:02:33.087008,0,0,0,0,0,0
299,2021-08-19 15:02:39.395992,2021-08-19 15:02:40.306292,6.308984,6.308984,0,0,5.926571,6.308984
300,2021-08-19 15:02:34.231011,2021-08-19 15:02:41.216592,0,0,0,0,0,0
301,2021-08-19 15:02:34.032709,2021-08-19 15:02:42.126892,0,0,0,0,0,0
302,2021-08-19 15:02:48.321459,2021-08-19 15:02:49.231759,6.194567,6.194567,0,0,5.921608,6.194567
303,2021-08-19 15:02:43.142061,2021-08-19 15:02:50.142059,0,0,0,0,0,0
304,2021-08-19 15:02:42.987002,2021-08-19 15:02:51.052359,0,0,0,0,0,0
305,2021-08-19 15:02:57.288607,2021-08-19 15:02:58.198907,6.0511479999999995,6.236248,0.1851,0,5.803415,6.236248
306,2021-08-19 15:02:52.195298,2021-08-19 15:02:59.109207,0,0,0,0,0,0
307,2021-08-19 15:02:52.109410,2021-08-19 15:03:00.019507,0,0,0,0,0,0
308,2021-08-19 15:03:07.265939,2021-08-19 15:03:08.176239,6.602158,7.246432,0.644274,0,7.246432,6.409983
309,2021-08-19 15:03:01.253896,2021-08-19 15:03:09.086539,0,0,0,0,0,0
310,2021-08-19 15:03:01.069718,2021-08-19 15:03:09.996839,0,0,0,0,0,0
311,2021-08-19 15:03:15.940968,2021-08-19 15:03:16.851268,5.944129,5.944129,0,0,5.944129,5.696494
312,2021-08-19 15:03:09.946265,2021-08-19 15:03:17.761568,0,0,0,0,0,0
313,2021-08-19 15:03:10.395939,2021-08-19 15:03:18.671868,0,0,0,0,0,0
314,2021-08-19 15:03:25.360193,2021-08-19 15:03:26.270493,6.688325,6.688325,0,0,6.688325,5.805391
315,2021-08-19 15:03:25.035524,2021-08-19 15:03:27.180793,0,0,0,0,0,0
316,2021-08-19 15:03:19.553955,2021-08-19 15:03:28.091093,0,0,0,0,0,0
317,2021-08-19 15:03:34.248063,2021-08-19 15:03:35.158363,6.15697,6.15697,0,0,6.15697,5.563049
318,2021-08-19 15:03:34.059546,2021-08-19 15:03:36.068663,0,0,0,0,0,0
319,2021-08-19 15:03:28.584386,2021-08-19 15:03:36.978963,0,0,0,0,0,0
320,2021-08-19 15:03:43.174622,2021-08-19 15:03:44.084922,5.932866,6.195659,0.262793,0,6.195659,5.759447
321,2021-08-19 15:03:42.969887,2021-08-19 15:03:44.995222,0,0,0,0,0,0
322,2021-08-19 15:03:37.876308,2021-08-19 15:03:45.905522,0,0,0,0,0,0
323,2021-08-19 15:03:52.105223,2021-08-19 15:03:53.015523,5.888598,6.199701,0.311103,0,6.199701,6.197968
324,2021-08-19 15:03:52.189294,2021-08-19 15:03:53.925823,0,0,0,0,0,0
325,2021-08-19 15:03:54.957318,2021-08-19 15:03:55.867618,0.0,1.031495,1.031495,0,0,0
326,2021-08-19 15:04:02.531659,2021-08-19 15:04:03.441959,5.111243,6.664041,1.552798,0,5.513464,6.664041
327,2021-08-19 15:04:01.501172,2021-08-19 15:04:04.352259,0,0,0,0,0,0
328,2021-08-19 15:04:04.001047,2021-08-19 15:04:05.262559,0,0,0,0,0,0
329,2021-08-19 15:04:11.644032,2021-08-19 15:04:12.554332,4.917452,6.381473,1.464021,0,5.275434,6.381473
330,2021-08-19 15:04:10.474152,2021-08-19 15:04:13.464632,0,0,0,0,0,0
331,2021-08-19 15:04:12.860904,2021-08-19 15:04:14.374932,0,0,0,0,0,0
332,2021-08-19 15:04:20.764570,2021-08-19 15:04:21.674870,4.791313,6.389638,1.598325,0,5.144503,6.389638
333,2021-08-19 15:04:19.417490,2021-08-19 15:04:22.585170,0,0,0,0,0,0
334,2021-08-19 15:04:22.080023,2021-08-19 15:04:23.495470,0,0,0,0,0,0
335,2021-08-19 15:04:29.847885,2021-08-19 15:04:30.758185,4.751784,6.352415,1.600631,0,5.346749,6.352415
336,2021-08-19 15:04:28.588543,2021-08-19 15:04:31.668485,0,0,0,0,0,0
337,2021-08-19 15:04:31.472127,2021-08-19 15:04:32.578785,0,0,0,0,0,0
338,2021-08-19 15:04:38.968803,2021-08-19 15:04:39.879103,4.629659,6.390018,1.760359,0,6.390018,6.205808
339,2021-08-19 15:04:37.370942,2021-08-19 15:04:40.789403,0,0,0,0,0,0
340,2021-08-19 15:04:40.363806,2021-08-19 15:04:41.699703,0,0,0,0,0,0
341,2021-08-19 15:04:48.070478,2021-08-19 15:04:48.980778,4.687667,6.370775,1.683108,0,6.370775,6.11705
342,2021-08-19 15:04:46.543326,2021-08-19 15:04:49.891078,0,0,0,0,0,0
343,2021-08-19 15:04:49.474595,2021-08-19 15:04:50.801378,0,0,0,0,0,0
344,2021-08-19 15:04:57.460760,2021-08-19 15:04:58.371060,5.33334,6.659382,1.326042,0,6.194513,6.659382
345,2021-08-19 15:04:55.369976,2021-08-19 15:04:59.281360,0,0,0,0,0,0
346,2021-08-19 15:04:58.949021,2021-08-19 15:05:00.191660,0,0,0,0,0,0
347,2021-08-19 15:05:06.883824,2021-08-19 15:05:07.794124,5.254715,6.692164,1.437449,0,5.949407,6.692164
348,2021-08-19 15:05:04.696902,2021-08-19 15:05:08.704424,0,0,0,0,0,0
349,2021-08-19 15:05:08.093597,2021-08-19 15:05:09.614724,0,0,0,0,0,0
350,2021-08-19 15:05:16.041326,2021-08-19 15:05:16.951626,5.439255,6.426602,0.987347,0,5.492092,6.426602
351,2021-08-19 15:05:13.708129,2021-08-19 15:05:17.861926,0,0,0,0,0,0
352,2021-08-19 15:05:17.022469,2021-08-19 15:05:18.772226,0,0,0,0,0,0
353,2021-08-19 15:05:24.950634,2021-08-19 15:05:25.860934,5.377554,6.178408,0.800854,0,6.030877,6.178408
354,2021-08-19 15:05:22.902795,2021-08-19 15:05:26.771234,0,0,0,0,0,0
355,2021-08-19 15:05:25.879884,2021-08-19 15:05:27.681534,0,0,0,0,0,0
356,2021-08-19 15:05:33.898672,2021-08-19 15:05:34.808972,4.857412,6.217138,1.359726,0,5.924823,6.217138
357,2021-08-19 15:05:32.143445,2021-08-19 15:05:35.719272,0,0,0,0,0,0
358,2021-08-19 15:05:35.087479,2021-08-19 15:05:36.629572,0,0,0,0,0,0
359,2021-08-19 15:05:42.929789,2021-08-19 15:05:43.840089,4.46249,6.300217,1.837727,0,6.054097,6.300217
360,2021-08-19 15:05:41.512844,2021-08-19 15:05:44.750389,0,0,0,0,0,0
361,2021-08-19 15:05:44.320432,2021-08-19 15:05:45.660689,0,0,0,0,0,0
362,2021-08-19 15:05:52.075237,2021-08-19 15:05:52.985537,4.480366,6.414548,1.934182,0,6.043183,6.414548
363,2021-08-19 15:05:50.764177,2021-08-19 15:05:53.895837,0,0,0,0,0,0
364,2021-08-19 15:05:53.206468,2021-08-19 15:05:54.806137,0,0,0,0,0,0
365,2021-08-19 15:06:01.465009,2021-08-19 15:06:02.375309,3.996062,6.658872,2.66281,0,6.001335,6.658872
366,2021-08-19 15:05:59.987206,2021-08-19 15:06:03.285609,0,0,0,0,0,0
367,2021-08-19 15:06:02.543921,2021-08-19 15:06:04.195909,0,0,0,0,0,0
368,2021-08-19 15:06:11.046348,2021-08-19 15:06:11.956648,3.995866,6.850439,2.854573,0,5.344863,6.850439
369,2021-08-19 15:06:09.099631,2021-08-19 15:06:12.866948,0,0,0,0,0,0
370,2021-08-19 15:06:11.742207,2021-08-19 15:06:13.777248,0,0,0,0,0,0
371,2021-08-19 15:06:20.119228,2021-08-19 15:06:21.029528,3.770856,6.34198,2.571124,0,4.602546,6.34198
372,2021-08-19 15:06:18.074723,2021-08-19 15:06:21.939828,0,0,0,0,0,0
373,2021-08-19 15:06:20.923041,2021-08-19 15:06:22.850128,0,0,0,0,0,0
374,2021-08-19 15:06:28.902081,2021-08-19 15:06:29.812381,3.380789,6.051953,2.671164,0,4.55489,6.051953
375,2021-08-19 15:06:27.008945,2021-08-19 15:06:30.722681,0,0,0,0,0,0
376,2021-08-19 15:06:29.850433,2021-08-19 15:06:31.632981,0,0,0,0,0,0
377,2021-08-19 15:06:38.109477,2021-08-19 15:06:39.019777,3.645715,6.476496,2.830781,0,5.087627,6.476496
378,2021-08-19 15:06:36.115715,2021-08-19 15:06:39.930077,0,0,0,0,0,0
379,2021-08-19 15:06:38.939541,2021-08-19 15:06:40.840377,0,0,0,0,0,0
380,2021-08-19 15:06:47.259376,2021-08-19 15:06:48.169676,3.6956780000000005,6.418999,2.723321,0,4.974918,6.418999
381,2021-08-19 15:06:46.001643,2021-08-19 15:06:49.079976,0,0,0,0,0,0
382,2021-08-19 15:06:48.473364,2021-08-19 15:06:49.990276,0,0,0,0,0,0
383,2021-08-19 15:06:56.946760,2021-08-19 15:06:57.857060,3.7018229999999996,6.956484,3.254661,0,4.968196,6.956484
384,2021-08-19 15:06:55.177974,2021-08-19 15:06:58.767360,0,0,0,0,0,0
385,2021-08-19 15:06:57.489863,2021-08-19 15:06:59.677660,0,0,0,0,0,0
386,2021-08-19 15:07:06.124893,2021-08-19 15:07:07.035193,3.7350359999999996,6.447233,2.712197,0,3.828864,6.447233
387,2021-08-19 15:07:13.239203,2021-08-19 15:07:14.149503,0.0,6.20401,6.20401,0,0,0
388,2021-08-19 15:07:06.381401,2021-08-19 15:07:15.059803,0,0,0,0,0,0
389,2021-08-19 15:07:14.952150,2021-08-19 15:07:15.970103,0,0,0,0,0,0
390,2021-08-19 15:07:22.227016,2021-08-19 15:07:23.137316,0.0,6.256913,6.256913,0,0,0
391,2021-08-19 15:07:15.558552,2021-08-19 15:07:24.047616,0,0,0,0,0,0
392,2021-08-19 15:07:24.053268,2021-08-19 15:07:24.963568,0.005652,0.005652,0,0,0,0.005652
393,2021-08-19 15:07:31.127229,2021-08-19 15:07:32.037529,0.0,6.163661,6.163661,0,0,0
394,2021-08-19 15:07:24.321042,2021-08-19 15:07:32.947829,0,0,0,0,0,0
395,2021-08-19 15:07:33.154269,2021-08-19 15:07:34.064569,0.20644,0.20644,0,0,0,0.20644
396,2021-08-19 15:07:40.614161,2021-08-19 15:07:41.524461,0.6085719999999997,6.549592,5.94102,6.549592,0,0
397,2021-08-19 15:07:33.828323,2021-08-19 15:07:42.434761,0,0,0,0,0,0
398,2021-08-19 15:07:41.748087,2021-08-19 15:07:43.345061,0,0,0,0,0,0
399,2021-08-19 15:07:49.533919,2021-08-19 15:07:50.444219,0.20787900000000015,6.188858,5.980979,6.188858,0,0
400,2021-08-19 15:07:42.922204,2021-08-19 15:07:51.354519,0,0,0,0,0,0
401,2021-08-19 15:07:50.659795,2021-08-19 15:07:52.264819,0,0,0,0,0,0
402,2021-08-19 15:07:58.407364,2021-08-19 15:07:59.317664,0.053754999999999775,6.142545,6.08879,6.142545,0,0
403,2021-08-19 15:07:51.940315,2021-08-19 15:08:00.227964,0,0,0,0,0,0
404,2021-08-19 15:07:59.589490,2021-08-19 15:08:01.138264,0,0,0,0,0,0
405,2021-08-19 15:08:09.682149,2021-08-19 15:08:10.592449,0.0,8.543885,8.543885,6.325664,0,0
406,2021-08-19 15:08:01.368820,2021-08-19 15:08:11.502749,0,0,0,0,0,0
407,2021-08-19 15:08:09.750919,2021-08-19 15:08:12.413049,0,0,0,0,0,0
408,2021-08-19 15:08:30.894432,2021-08-19 15:08:31.804732,12.607484000000001,18.481383,5.873899,18.481383,0,0
409,2021-08-19 15:08:10.210791,2021-08-19 15:08:32.715032,0,0,0,0,0,0
410,2021-08-19 15:08:18.514559,2021-08-19 15:08:33.625332,0,0,0,0,0,0
411,2021-08-19 15:08:39.477854,2021-08-19 15:08:40.388154,5.852522,5.852522,0,5.852522,0,0
412,2021-08-19 15:08:20.751228,2021-08-19 15:08:41.298454,0,0,0,0,0,0
413,2021-08-19 15:08:27.019329,2021-08-19 15:08:42.208754,0,0,0,0,0,0
414,2021-08-19 15:08:48.331529,2021-08-19 15:08:49.241829,6.122775,6.122775,0,6.122775,0,0
415,2021-08-19 15:08:42.131814,2021-08-19 15:08:50.152129,0,0,0,0,0,0
416,2021-08-19 15:08:43.016414,2021-08-19 15:08:51.062429,0,0,0,0,0,0
417,2021-08-19 15:08:57.092439,2021-08-19 15:08:58.002739,6.03001,6.03001,0,6.03001,0,0
418,2021-08-19 15:08:51.050574,2021-08-19 15:08:58.913039,0,0,0,0,0,0
419,2021-08-19 15:08:52.139980,2021-08-19 15:08:59.823339,0,0,0,0,0,0
420,2021-08-19 15:09:06.186735,2021-08-19 15:09:07.097035,6.363396,6.363396,0,6.363396,0,0
421,2021-08-19 15:09:00.137013,2021-08-19 15:09:08.007335,0,0,0,0,0,0
422,2021-08-19 15:09:01.118803,2021-08-19 15:09:08.917635,0,0,0,0,0,0
423,2021-08-19 15:09:14.726236,2021-08-19 15:09:15.636536,5.808601,5.808601,0,5.808601,0,0
424,2021-08-19 15:09:09.393646,2021-08-19 15:09:16.546836,0,0,0,0,0,0
425,2021-08-19 15:09:10.272137,2021-08-19 15:09:17.457136,0,0,0,0,0,0
426,2021-08-19 15:09:23.594437,2021-08-19 15:09:24.504737,6.137301,6.137301,0,6.137301,0,0
427,2021-08-19 15:09:18.503521,2021-08-19 15:09:25.415037,0,0,0,0,0,0
428,2021-08-19 15:09:19.547447,2021-08-19 15:09:26.325337,0,0,0,0,0,0
429,2021-08-19 15:09:40.799662,2021-08-19 15:09:41.709962,14.474325,14.474325,0,5.969933,14.474325,0
430,2021-08-19 15:09:27.510852,2021-08-19 15:09:42.620262,0,0,0,0,0,0
431,2021-08-19 15:09:28.630030,2021-08-19 15:09:43.530562,0,0,0,0,0,0
432,2021-08-19 15:09:52.256136,2021-08-19 15:09:53.166436,8.725574,8.725574,0,0,8.725574,0
433,2021-08-19 15:09:36.199816,2021-08-19 15:09:54.076736,0,0,0,0,0,0
434,2021-08-19 15:09:37.803443,2021-08-19 15:09:54.987036,0,0,0,0,0,0
435,2021-08-19 15:10:01.385978,2021-08-19 15:10:02.296278,6.398942,6.398942,0,0,6.398942,0
436,2021-08-19 15:09:51.962614,2021-08-19 15:10:03.206578,0,0,0,0,0,0
437,2021-08-19 15:09:52.616363,2021-08-19 15:10:04.116878,0,0,0,0,0,0
438,2021-08-19 15:10:10.467130,2021-08-19 15:10:11.377430,6.350252,6.350252,0,0,6.350252,0
439,2021-08-19 15:10:03.489855,2021-08-19 15:10:12.287730,0,0,0,0,0,0
440,2021-08-19 15:10:04.449934,2021-08-19 15:10:13.198030,0,0,0,0,0,0
441,2021-08-19 15:10:19.609219,2021-08-19 15:10:20.519519,6.411189,6.411189,0,0,6.411189,0
442,2021-08-19 15:10:12.901002,2021-08-19 15:10:21.429819,0,0,0,0,0,0
443,2021-08-19 15:10:25.013240,2021-08-19 15:10:25.923540,3.583421,3.583421,0,3.583421,0,0
444,2021-08-19 15:10:29.107504,2021-08-19 15:10:30.017804,3.183964,3.183964,0,0,3.183964,0
445,2021-08-19 15:10:22.433474,2021-08-19 15:10:30.928104,0,0,0,0,0,0
446,2021-08-19 15:10:33.987739,2021-08-19 15:10:34.898039,3.059635,3.059635,0,3.059635,0,0
447,2021-08-19 15:10:38.418851,2021-08-19 15:10:39.329151,3.520812,3.520812,0,0,3.520812,0
448,2021-08-19 15:10:31.044891,2021-08-19 15:10:40.239451,0,0,0,0,0,0
449,2021-08-19 15:10:42.880572,2021-08-19 15:10:43.790872,2.641121,2.641121,0,2.641121,0,0
450,2021-08-19 15:10:47.348190,2021-08-19 15:10:48.258490,3.557318,3.557318,0,0,3.557318,0
451,2021-08-19 15:10:40.444711,2021-08-19 15:10:49.168790,0,0,0,0,0,0
452,2021-08-19 15:10:52.344129,2021-08-19 15:10:53.254429,3.175339,3.175339,0,3.175339,0,0
453,2021-08-19 15:10:56.603173,2021-08-19 15:10:57.513473,3.348744,3.348744,0,0,3.348744,0
454,2021-08-19 15:10:49.812570,2021-08-19 15:10:58.423773,0,0,0,0,0,0
455,2021-08-19 15:11:01.215449,2021-08-19 15:11:02.125749,2.791676,2.791676,0,2.791676,0,0
456,2021-08-19 15:11:05.753329,2021-08-19 15:11:06.663629,3.62758,3.62758,0,0,3.62758,0
457,2021-08-19 15:10:58.917815,2021-08-19 15:11:07.573929,0,0,0,0,0,0
458,2021-08-19 15:11:10.228390,2021-08-19 15:11:11.138690,2.654461,2.654461,0,2.654461,0,0
459,2021-08-19 15:11:14.893829,2021-08-19 15:11:15.804129,3.755139,3.755139,0,0,3.755139,0
460,2021-08-19 15:11:08.106847,2021-08-19 15:11:16.714429,0,0,0,0,0,0
461,2021-08-19 15:11:19.199862,2021-08-19 15:11:20.110162,2.485433,2.485433,0,2.485433,0,0
462,2021-08-19 15:11:23.671922,2021-08-19 15:11:24.582222,3.56176,3.56176,0,0,3.56176,0
463,2021-08-19 15:11:16.928276,2021-08-19 15:11:25.492522,0,0,0,0,0,0
464,2021-08-19 15:11:33.379952,2021-08-19 15:11:34.290252,7.88743,7.88743,0,2.582613,0,7.88743
465,2021-08-19 15:11:32.472750,2021-08-19 15:11:35.200552,0,0,0,0,0,0
466,2021-08-19 15:11:26.079263,2021-08-19 15:11:36.110852,0,0,0,0,0,0
467,2021-08-19 15:11:42.074924,2021-08-19 15:11:42.985224,5.964072,5.964072,0,0.946124,0,5.964072
468,2021-08-19 15:11:41.337476,2021-08-19 15:11:43.895524,0,0,0,0,0,0
469,2021-08-19 15:11:44.093790,2021-08-19 15:11:45.004090,0.0,0.198266,0.198266,0,0,0
470,2021-08-19 15:11:50.724784,2021-08-19 15:11:51.635084,5.720694,5.720694,0,1.602428,0,5.720694
471,2021-08-19 15:11:50.336082,2021-08-19 15:11:52.545384,0,0,0,0,0,0
472,2021-08-19 15:11:53.249272,2021-08-19 15:11:54.159572,0.0,0.703888,0.703888,0,0,0
473,2021-08-19 15:11:59.876204,2021-08-19 15:12:00.786504,5.716632,5.716632,0,1.49025,0,5.716632
474,2021-08-19 15:11:59.285943,2021-08-19 15:12:01.696804,0,0,0,0,0,0
475,2021-08-19 15:12:02.160906,2021-08-19 15:12:03.071206,0.0,0.464102,0.464102,0,0,0
476,2021-08-19 15:12:08.872487,2021-08-19 15:12:09.782787,5.801281,5.801281,0,1.536469,0,5.801281
477,2021-08-19 15:12:08.566227,2021-08-19 15:12:10.693087,0,0,0,0,0,0
478,2021-08-19 15:12:12.409275,2021-08-19 15:12:13.319575,0.0,1.716188,1.716188,0,0,0
479,2021-08-19 15:12:17.567509,2021-08-19 15:12:18.477809,4.247934,4.247934,0,1.35698,0,4.247934
480,2021-08-19 15:12:34.386814,2021-08-19 15:12:35.297114,15.909005,15.909005,0,0,0,15.909005
481,2021-08-19 15:12:21.157339,2021-08-19 15:12:36.207414,0,0,0,0,0,0
482,2021-08-19 15:12:26.416197,2021-08-19 15:12:37.117714,0,0,0,0,0,0
483,2021-08-19 15:12:43.525934,2021-08-19 15:12:44.436234,6.40822,6.40822,0,0,0,6.40822
484,2021-08-19 15:12:29.643322,2021-08-19 15:12:45.346534,0,0,0,0,0,0
485,2021-08-19 15:12:34.574393,2021-08-19 15:12:46.256834,0,0,0,0,0,0
486,2021-08-19 15:12:52.467033,2021-08-19 15:12:53.377333,6.210199,6.210199,0,0,0,6.210199
487,2021-08-19 15:12:45.430799,2021-08-19 15:12:54.287633,0,0,0,0,0,0
488,2021-08-19 15:12:46.377621,2021-08-19 15:12:55.197933,0,0,0,0,0,0
489,2021-08-19 15:13:01.592149,2021-08-19 15:13:02.502449,6.394216,6.394216,0,0,0,6.394216
490,2021-08-19 15:12:55.063629,2021-08-19 15:13:03.412749,0,0,0,0,0,0
491,2021-08-19 15:12:55.796491,2021-08-19 15:13:04.323049,0,0,0,0,0,0
492,2021-08-19 15:13:10.535695,2021-08-19 15:13:11.445995,6.212646,6.212646,0,0,0,6.212646
493,2021-08-19 15:13:04.322801,2021-08-19 15:13:12.356295,0,0,0,0,0,0
494,2021-08-19 15:13:04.944745,2021-08-19 15:13:13.266595,0,0,0,0,0,0
495,2021-08-19 15:13:19.575819,2021-08-19 15:13:20.486119,6.309224,6.309224,0,0,6.156145,6.309224
496,2021-08-19 15:13:13.271889,2021-08-19 15:13:21.396419,0,0,0,0,0,0
497,2021-08-19 15:13:13.979961,2021-08-19 15:13:22.306719,0,0,0,0,0,0
498,2021-08-19 15:13:28.708583,2021-08-19 15:13:29.618883,6.401864,6.401864,0,0,6.313417,6.401864
499,2021-08-19 15:13:22.697688,2021-08-19 15:13:30.529183,0,0,0,0,0,0
500,2021-08-19 15:13:23.020656,2021-08-19 15:13:31.439483,0,0,0,0,0,0
501,2021-08-19 15:13:37.846488,2021-08-19 15:13:38.756788,6.407005,6.407005,0,0,6.407005,6.252836
502,2021-08-19 15:13:32.085553,2021-08-19 15:13:39.667088,0,0,0,0,0,0
503,2021-08-19 15:13:32.391869,2021-08-19 15:13:40.577388,0,0,0,0,0,0
504,2021-08-19 15:13:46.851594,2021-08-19 15:13:47.761894,6.274206,6.274206,0,0,6.274206,5.648133
505,2021-08-19 15:13:59.794772,2021-08-19 15:14:00.705072,12.032878,12.032878,0,0,0,12.032878
506,2021-08-19 15:13:43.755708,2021-08-19 15:14:01.615372,0,0,0,0,0,0
507,2021-08-19 15:13:55.561106,2021-08-19 15:14:02.525672,0,0,0,0,0,0
508,2021-08-19 15:14:09.551104,2021-08-19 15:14:10.461404,7.025432,7.025432,0,0,0,7.025432
509,2021-08-19 15:13:57.360300,2021-08-19 15:14:11.371704,0,0,0,0,0,0
510,2021-08-19 15:14:03.585666,2021-08-19 15:14:12.282004,0,0,0,0,0,0
511,2021-08-19 15:14:18.575252,2021-08-19 15:14:19.485552,6.293248,6.293248,0,0.94669,0,6.293248
512,2021-08-19 15:14:10.625111,2021-08-19 15:14:20.395852,0,0,0,0,0,0
513,2021-08-19 15:14:12.458896,2021-08-19 15:14:21.306152,0,0,0,0,0,0
514,2021-08-19 15:14:27.461919,2021-08-19 15:14:28.372219,6.155767,6.155767,0,0.837568,0,6.155767
515,2021-08-19 15:14:20.580426,2021-08-19 15:14:29.282519,0,0,0,0,0,0
516,2021-08-19 15:14:22.224749,2021-08-19 15:14:30.192819,0,0,0,0,0,0
517,2021-08-19 15:14:36.936949,2021-08-19 15:14:37.847249,6.74413,6.74413,0,0.724869,0,6.74413
518,2021-08-19 15:14:29.620383,2021-08-19 15:14:38.757549,0,0,0,0,0,0
519,2021-08-19 15:14:31.375190,2021-08-19 15:14:39.667849,0,0,0,0,0,0
520,2021-08-19 15:14:46.791627,2021-08-19 15:14:47.701927,7.123778,7.123778,0,0,0,7.123778
521,2021-08-19 15:14:40.002407,2021-08-19 15:14:48.612227,0,0,0,0,0,0
522,2021-08-19 15:14:40.427576,2021-08-19 15:14:49.522527,0,0,0,0,0,0
523,2021-08-19 15:14:55.780909,2021-08-19 15:14:56.691209,6.258382,6.258382,0,0,0,6.258382
524,2021-08-19 15:14:49.363173,2021-08-19 15:14:57.601509,0,0,0,0,0,0
525,2021-08-19 15:14:49.023726,2021-08-19 15:14:58.511809,0,0,0,0,0,0
526,2021-08-19 15:15:05.335047,2021-08-19 15:15:06.245347,6.823238,6.823238,0,0,0,6.823238
527,2021-08-19 15:14:58.407980,2021-08-19 15:15:07.155647,0,0,0,0,0,0
528,2021-08-19 15:15:01.503702,2021-08-19 15:15:08.065947,0,0,0,0,0,0
529,2021-08-19 15:15:14.347287,2021-08-19 15:15:15.257587,6.28134,6.28134,0,0,0,6.28134
530,2021-08-19 15:15:07.721265,2021-08-19 15:15:16.167887,0,0,0,0,0,0
531,2021-08-19 15:15:10.430957,2021-08-19 15:15:17.078187,0,0,0,0,0,0
532,2021-08-19 15:15:22.996248,2021-08-19 15:15:23.906548,5.918061,5.918061,0,0,0,5.918061
533,2021-08-19 15:15:16.803079,2021-08-19 15:15:24.816848,0,0,0,0,0,0
534,2021-08-19 15:15:21.051808,2021-08-19 15:15:25.727148,0,0,0,0,0,0
535,2021-08-19 15:15:32.047779,2021-08-19 15:15:32.958079,3.7512329999999996,6.320631,2.569398,0,0,6.320631
536,2021-08-19 15:15:32.170880,2021-08-19 15:15:33.868379,0,0,0,0,0,0
537,2021-08-19 15:15:30.090767,2021-08-19 15:15:34.778679,0,0,0,0,0,0
538,2021-08-19 15:15:41.261692,2021-08-19 15:15:42.171992,4.0683359999999995,6.483013,2.414677,0,0,6.483013
539,2021-08-19 15:15:41.087348,2021-08-19 15:15:43.082292,0,0,0,0,0,0
540,2021-08-19 15:15:39.075843,2021-08-19 15:15:43.992592,0,0,0,0,0,0
541,2021-08-19 15:15:50.314907,2021-08-19 15:15:51.225207,4.016451,6.322315,2.305864,0,0,6.322315
542,2021-08-19 15:15:50.150307,2021-08-19 15:15:52.135507,0,0,0,0,0,0
543,2021-08-19 15:15:48.353073,2021-08-19 15:15:53.045807,0,0,0,0,0,0
544,2021-08-19 15:15:59.392247,2021-08-19 15:16:00.302547,4.357718,6.34644,1.988722,0,0,6.34644
545,2021-08-19 15:15:59.372146,2021-08-19 15:16:01.212847,0,0,0,0,0,0
546,2021-08-19 15:15:57.621410,2021-08-19 15:16:02.123147,0,0,0,0,0,0
547,2021-08-19 15:16:08.447680,2021-08-19 15:16:09.357980,4.407418,6.324533,1.917115,0,0,6.324533
548,2021-08-19 15:16:08.996912,2021-08-19 15:16:10.268280,0,0,0,0,0,0
549,2021-08-19 15:16:32.174785,2021-08-19 15:16:33.085085,21.906505,21.906505,0,0,0,21.906505
550,2021-08-19 15:16:17.256815,2021-08-19 15:16:33.995385,0,0,0,0,0,0
551,2021-08-19 15:16:17.868196,2021-08-19 15:16:34.905685,0,0,0,0,0,0
552,2021-08-19 15:16:40.449917,2021-08-19 15:16:41.360217,5.544232,5.544232,0,0,0,5.544232
553,2021-08-19 15:16:26.079905,2021-08-19 15:16:42.270517,0,0,0,0,0,0
554,2021-08-19 15:16:26.965174,2021-08-19 15:16:43.180817,0,0,0,0,0,0
555,2021-08-19 15:16:49.479240,2021-08-19 15:16:50.389540,6.298423,6.298423,0,0,0,6.298423
556,2021-08-19 15:16:42.786057,2021-08-19 15:16:51.299840,0,0,0,0,0,0
557,2021-08-19 15:16:44.222332,2021-08-19 15:16:52.210140,0,0,0,0,0,0
558,2021-08-19 15:16:58.488848,2021-08-19 15:16:59.399148,6.278708,6.278708,0,0,0,6.278708
559,2021-08-19 15:16:51.956659,2021-08-19 15:17:00.309448,0,0,0,0,0,0
560,2021-08-19 15:16:54.160548,2021-08-19 15:17:01.219748,0,0,0,0,0,0
561,2021-08-19 15:17:07.220324,2021-08-19 15:17:08.130624,6.000576,6.000576,0,0,0,6.000576
562,2021-08-19 15:17:01.188201,2021-08-19 15:17:09.040924,0,0,0,0,0,0
563,2021-08-19 15:17:03.323932,2021-08-19 15:17:09.951224,0,0,0,0,0,0
564,2021-08-19 15:17:16.362388,2021-08-19 15:17:17.272688,6.411164,6.411164,0,0,0,6.411164
565,2021-08-19 15:17:10.163054,2021-08-19 15:17:18.182988,0,0,0,0,0,0
566,2021-08-19 15:17:12.363041,2021-08-19 15:17:19.093288,0,0,0,0,0,0
567,2021-08-19 15:17:25.569974,2021-08-19 15:17:26.480274,6.476686,6.476686,0,0,0,6.476686
568,2021-08-19 15:17:19.310372,2021-08-19 15:17:27.390574,0,0,0,0,0,0
569,2021-08-19 15:17:21.886802,2021-08-19 15:17:28.300874,0,0,0,0,0,0
570,2021-08-19 15:17:34.716830,2021-08-19 15:17:35.627130,6.415956,6.415956,0,0,0,6.415956
571,2021-08-19 15:17:28.356073,2021-08-19 15:17:36.537430,0,0,0,0,0,0
572,2021-08-19 15:17:31.109990,2021-08-19 15:17:37.447730,0,0,0,0,0,0
573,2021-08-19 15:17:43.544832,2021-08-19 15:17:44.455132,6.097102,6.097102,0,0,0,6.097102
574,2021-08-19 15:17:37.568901,2021-08-19 15:17:45.365432,0,0,0,0,0,0
575,2021-08-19 15:17:40.286270,2021-08-19 15:17:46.275732,0,0,0,0,0,0
576,2021-08-19 15:17:52.916449,2021-08-19 15:17:53.826749,6.640717,6.640717,0,0.743001,0,6.640717
577,2021-08-19 15:17:46.627897,2021-08-19 15:17:54.737049,0,0,0,0,0,0
578,2021-08-19 15:17:49.328354,2021-08-19 15:17:55.647349,0,0,0,0,0,0
579,2021-08-19 15:18:09.390880,2021-08-19 15:18:10.301180,13.743531,13.743531,0,0.328543,0,13.743531
580,2021-08-19 15:17:56.004549,2021-08-19 15:18:11.211480,0,0,0,0,0,0
581,2021-08-19 15:17:58.655784,2021-08-19 15:18:12.121780,0,0,0,0,0,0
582,2021-08-19 15:18:17.452481,2021-08-19 15:18:18.362781,5.330701,5.330701,0,0,0,5.330701
583,2021-08-19 15:18:04.825900,2021-08-19 15:18:19.273081,0,0,0,0,0,0
584,2021-08-19 15:18:10.688758,2021-08-19 15:18:20.183381,0,0,0,0,0,0
585,2021-08-19 15:18:26.553098,2021-08-19 15:18:27.463398,6.369717,6.369717,0,0,0,6.369717
586,2021-08-19 15:18:20.467226,2021-08-19 15:18:28.373698,0,0,0,0,0,0
587,2021-08-19 15:18:21.140721,2021-08-19 15:18:29.283998,0,0,0,0,0,0
588,2021-08-19 15:18:35.630936,2021-08-19 15:18:36.541236,6.346938,6.346938,0,0,0,6.346938
589,2021-08-19 15:18:29.464528,2021-08-19 15:18:37.451536,0,0,0,0,0,0
590,2021-08-19 15:18:30.910774,2021-08-19 15:18:38.361836,0,0,0,0,0,0
591,2021-08-19 15:18:44.242446,2021-08-19 15:18:45.152746,5.88061,5.88061,0,0,0,5.88061
592,2021-08-19 15:18:38.627070,2021-08-19 15:18:46.063046,0,0,0,0,0,0
593,2021-08-19 15:18:40.050418,2021-08-19 15:18:46.973346,0,0,0,0,0,0
594,2021-08-19 15:18:53.277873,2021-08-19 15:18:54.188173,6.304527,6.304527,0,0,0,6.304527
595,2021-08-19 15:18:47.624099,2021-08-19 15:18:55.098473,0,0,0,0,0,0
596,2021-08-19 15:18:49.552862,2021-08-19 15:18:56.008773,0,0,0,0,0,0
597,2021-08-19 15:19:02.549427,2021-08-19 15:19:03.459727,6.540654,6.540654,0,0,0,6.540654
598,2021-08-19 15:18:57.051770,2021-08-19 15:19:04.370027,0,0,0,0,0,0
599,2021-08-19 15:18:58.739424,2021-08-19 15:19:05.280327,0,0,0,0,0,0
600,2021-08-19 15:19:11.495978,2021-08-19 15:19:12.406278,6.215651,6.215651,0,0,0,6.215651
601,2021-08-19 15:19:06.157998,2021-08-19 15:19:13.316578,0,0,0,0,0,0
602,2021-08-19 15:19:07.879688,2021-08-19 15:19:14.226878,0,0,0,0,0,0
603,2021-08-19 15:19:20.524285,2021-08-19 15:19:21.434585,6.231891999999999,6.297407,0.065515,0,0,6.297407
604,2021-08-19 15:19:27.768469,2021-08-19 15:19:28.678769,6.333884,6.333884,0,0,6.333884,0
605,2021-08-19 15:19:17.087472,2021-08-19 15:19:29.589069,0,0,0,0,0,0
606,2021-08-19 15:19:29.678955,2021-08-19 15:19:30.589255,0.089886,0.089886,0,0,0,0.089886
607,2021-08-19 15:19:36.720256,2021-08-19 15:19:37.630556,6.131001,6.131001,0,0,6.131001,0
608,2021-08-19 15:19:26.128272,2021-08-19 15:19:38.540856,0,0,0,0,0,0
609,2021-08-19 15:19:38.527383,2021-08-19 15:19:39.451156,0,0,0,0,0,0
610,2021-08-19 15:19:45.724194,2021-08-19 15:19:46.634494,6.273038,6.273038,0,0,6.273038,0
611,2021-08-19 15:19:41.002384,2021-08-19 15:19:47.544794,0,0,0,0,0,0
612,2021-08-19 15:19:47.497797,2021-08-19 15:19:48.455094,0,0,0,0,0,0
613,2021-08-19 15:19:54.815966,2021-08-19 15:19:55.726266,6.360872,6.360872,0,0,6.360872,0
614,2021-08-19 15:19:50.191419,2021-08-19 15:19:56.636566,0,0,0,0,0,0
615,2021-08-19 15:19:56.567880,2021-08-19 15:19:57.546866,0,0,0,0,0,0
616,2021-08-19 15:20:03.712358,2021-08-19 15:20:04.622658,6.165492,6.165492,0,0,6.165492,0
617,2021-08-19 15:19:59.062023,2021-08-19 15:20:05.532958,0,0,0,0,0,0
618,2021-08-19 15:20:05.765139,2021-08-19 15:20:06.675439,0.232181,0.232181,0,0,0,0.232181
619,2021-08-19 15:20:12.664113,2021-08-19 15:20:13.574413,5.988674,5.988674,0,0,5.988674,0
620,2021-08-19 15:20:07.924938,2021-08-19 15:20:14.484713,0,0,0,0,0,0
621,2021-08-19 15:20:14.612808,2021-08-19 15:20:15.523108,0.128095,0.128095,0,0,0,0.128095
622,2021-08-19 15:20:21.358178,2021-08-19 15:20:22.268478,5.83507,5.83507,0,0,5.83507,0
623,2021-08-19 15:20:16.821068,2021-08-19 15:20:23.178778,0,0,0,0,0,0
624,2021-08-19 15:20:23.655118,2021-08-19 15:20:24.565418,0.47634,0.47634,0,0,0,0.47634
625,2021-08-19 15:20:30.645967,2021-08-19 15:20:31.556267,6.080549,6.080549,0,0,6.080549,0
626,2021-08-19 15:20:25.783951,2021-08-19 15:20:32.466567,0,0,0,0,0,0
627,2021-08-19 15:20:32.692372,2021-08-19 15:20:33.602672,0.225805,0.225805,0,0,0,0.225805
628,2021-08-19 15:20:39.905117,2021-08-19 15:20:40.815417,6.302445,6.302445,0,0,6.302445,0
629,2021-08-19 15:20:34.763194,2021-08-19 15:20:41.725717,0,0,0,0,0,0
630,2021-08-19 15:20:46.387290,2021-08-19 15:20:47.297590,0.0,4.661573,4.661573,0,0,0
631,2021-08-19 15:20:48.753240,2021-08-19 15:20:49.663540,1.45565,1.45565,0,0,1.45565,0
632,2021-08-19 15:20:43.665180,2021-08-19 15:20:50.573840,0,0,0,0,0,0
633,2021-08-19 15:20:55.208961,2021-08-19 15:20:56.119261,0.0,4.635121,4.635121,0,0,0
634,2021-08-19 15:20:57.445434,2021-08-19 15:20:58.355734,1.326173,1.326173,0,0,1.326173,0
635,2021-08-19 15:20:52.645887,2021-08-19 15:20:59.266034,0,0,0,0,0,0
636,2021-08-19 15:21:04.289620,2021-08-19 15:21:05.199920,0.0,5.023586,5.023586,0,0,0.287821
637,2021-08-19 15:21:06.426872,2021-08-19 15:21:07.337172,1.226952,1.226952,0,0,1.226952,0
638,2021-08-19 15:21:02.239790,2021-08-19 15:21:08.247472,0,0,0,0,0,0
639,2021-08-19 15:21:13.250234,2021-08-19 15:21:14.160534,0.0,5.002762,5.002762,0,0,0.481579
640,2021-08-19 15:21:15.578894,2021-08-19 15:21:16.489194,1.41836,1.41836,0,0,1.41836,0
641,2021-08-19 15:21:11.414088,2021-08-19 15:21:17.399494,0,0,0,0,0,0
642,2021-08-19 15:21:24.139960,2021-08-19 15:21:25.050260,0.0,6.740466,6.740466,0,0,0.158135
643,2021-08-19 15:21:24.598789,2021-08-19 15:21:25.960560,0,0,0,0,0,0
644,2021-08-19 15:21:22.074121,2021-08-19 15:21:26.870860,0,0,0,0,0,0
645,2021-08-19 15:21:32.951361,2021-08-19 15:21:33.861661,0.0,6.080501,6.080501,0,5.54292,0
646,2021-08-19 15:21:33.900762,2021-08-19 15:21:34.811062,0.0,0.039101,0.039101,0,0,0
647,2021-08-19 15:21:35.128616,2021-08-19 15:21:36.038916,0.317554,0.317554,0,0,0.317554,0
648,2021-08-19 15:21:42.019052,2021-08-19 15:21:42.929352,0.0,5.980136,5.980136,0,5.453732,0
649,2021-08-19 15:21:42.763806,2021-08-19 15:21:43.839652,0,0,0,0,0,0
650,2021-08-19 15:21:43.949395,2021-08-19 15:21:44.859695,0.109743,0.109743,0,0,0.109743,0
651,2021-08-19 15:21:51.072277,2021-08-19 15:21:51.982577,0.0,6.212582,6.212582,0,5.614276,0
652,2021-08-19 15:21:51.636041,2021-08-19 15:21:52.892877,0,0,0,0,0,0
653,2021-08-19 15:21:52.603792,2021-08-19 15:21:53.803177,0,0,0,0,0,0
654,2021-08-19 15:22:00.168880,2021-08-19 15:22:01.079180,0.0,6.365703,6.365703,0,5.525305,0
655,2021-08-19 15:22:00.422335,2021-08-19 15:22:01.989480,0,0,0,0,0,0
656,2021-08-19 15:22:01.705836,2021-08-19 15:22:02.899780,0,0,0,0,0,0
657,2021-08-19 15:22:09.393523,2021-08-19 15:22:10.303823,0.0,6.493743,6.493743,0,5.335409,0
658,2021-08-19 15:22:09.461966,2021-08-19 15:22:11.214123,0,0,0,0,0,0
659,2021-08-19 15:22:10.591388,2021-08-19 15:22:12.124423,0,0,0,0,0,0
660,2021-08-19 15:22:18.068544,2021-08-19 15:22:18.978844,0.0,5.944121,5.944121,0,5.214338,0
661,2021-08-19 15:22:18.117272,2021-08-19 15:22:19.889144,0,0,0,0,0,0
662,2021-08-19 15:22:19.407353,2021-08-19 15:22:20.799444,0,0,0,0,0,0
663,2021-08-19 15:22:26.999784,2021-08-19 15:22:27.910084,0.0,6.20034,6.20034,0,5.483776,0
664,2021-08-19 15:22:27.170721,2021-08-19 15:22:28.820384,0,0,0,0,0,0
665,2021-08-19 15:22:53.656229,2021-08-19 15:22:54.566529,24.835845,24.835845,0,0,24.835845,0
666,2021-08-19 15:22:36.005967,2021-08-19 15:22:55.476829,0,0,0,0,0,0
667,2021-08-19 15:22:38.505494,2021-08-19 15:22:56.387129,0,0,0,0,0,0
668,2021-08-19 15:23:01.973398,2021-08-19 15:23:02.883698,5.586269,5.586269,0,0,5.586269,0
669,2021-08-19 15:22:44.164633,2021-08-19 15:23:03.793998,0,0,0,0,0,0
670,2021-08-19 15:22:47.243190,2021-08-19 15:23:04.704298,0,0,0,0,0,0
671,2021-08-19 15:23:10.982950,2021-08-19 15:23:11.893250,6.278652,6.278652,0,0,6.278652,0
672,2021-08-19 15:23:04.687568,2021-08-19 15:23:12.803550,0,0,0,0,0,0
673,2021-08-19 15:23:05.517874,2021-08-19 15:23:13.713850,0,0,0,0,0,0
674,2021-08-19 15:23:20.152718,2021-08-19 15:23:21.063018,6.438868,6.438868,0,0,6.438868,0
675,2021-08-19 15:23:13.811308,2021-08-19 15:23:21.973318,0,0,0,0,0,0
676,2021-08-19 15:23:14.588123,2021-08-19 15:23:22.883618,0,0,0,0,0,0
677,2021-08-19 15:23:29.159794,2021-08-19 15:23:30.070094,6.276176,6.276176,0,0,6.276176,0
678,2021-08-19 15:23:22.782385,2021-08-19 15:23:30.980394,0,0,0,0,0,0
679,2021-08-19 15:23:23.973946,2021-08-19 15:23:31.890694,0,0,0,0,0,0
680,2021-08-19 15:23:38.043822,2021-08-19 15:23:38.954122,6.153128,6.153128,0,0,6.153128,0
681,2021-08-19 15:23:31.674913,2021-08-19 15:23:39.864422,0,0,0,0,0,0
682,2021-08-19 15:23:33.700711,2021-08-19 15:23:40.774722,0,0,0,0,0,0
683,2021-08-19 15:23:50.495889,2021-08-19 15:23:51.406189,9.721167,9.721167,0,9.721167,6.357228,0
684,2021-08-19 15:23:40.718653,2021-08-19 15:23:52.316489,0,0,0,0,0,0
685,2021-08-19 15:23:52.089698,2021-08-19 15:23:53.226789,0,0,0,0,0,0
686,2021-08-19 15:23:59.125036,2021-08-19 15:24:00.035336,5.898247,5.898247,0,5.898247,3.236539,0
687,2021-08-19 15:23:51.961955,2021-08-19 15:24:00.945636,0,0,0,0,0,0
688,2021-08-19 15:24:00.981879,2021-08-19 15:24:01.892179,0.036243,0.036243,0,0.036243,0,0
689,2021-08-19 15:24:08.274675,2021-08-19 15:24:09.184975,6.382496,6.382496,0,6.382496,3.450743,0
690,2021-08-19 15:24:03.074581,2021-08-19 15:24:10.095275,0,0,0,0,0,0
691,2021-08-19 15:24:10.156711,2021-08-19 15:24:11.067011,0.061436,0.061436,0,0.061436,0,0
692,2021-08-19 15:24:17.527344,2021-08-19 15:24:18.437644,6.460333,6.460333,0,6.460333,3.114524,0
693,2021-08-19 15:24:12.311578,2021-08-19 15:24:19.347944,0,0,0,0,0,0
694,2021-08-19 15:24:19.397032,2021-08-19 15:24:20.307332,0.049088,0.049088,0,0.049088,0,0
695,2021-08-19 15:24:26.239387,2021-08-19 15:24:27.149687,5.932055,5.932055,0,5.932055,3.16393,0
696,2021-08-19 15:24:21.704212,2021-08-19 15:24:28.059987,0,0,0,0,0,0
697,2021-08-19 15:24:28.916439,2021-08-19 15:24:29.826739,0.856452,0.856452,0,0.856452,0,0
698,2021-08-19 15:24:35.172787,2021-08-19 15:24:36.083087,5.346048,5.346048,0,5.346048,2.961103,0
699,2021-08-19 15:24:30.776980,2021-08-19 15:24:36.993387,0,0,0,0,0,0
700,2021-08-19 15:24:37.747475,2021-08-19 15:24:38.657775,0.754088,0.754088,0,0.754088,0,0
701,2021-08-19 15:24:43.734432,2021-08-19 15:24:44.644732,5.076657,5.076657,0,5.076657,3.104597,0
702,2021-08-19 15:24:39.933436,2021-08-19 15:24:45.555032,0,0,0,0,0,0
703,2021-08-19 15:24:47.102567,2021-08-19 15:24:48.012867,1.547535,1.547535,0,1.547535,0,0
704,2021-08-19 15:24:53.282846,2021-08-19 15:24:54.193146,5.269979,5.269979,0,5.269979,2.897737,0
705,2021-08-19 15:24:49.127193,2021-08-19 15:24:55.103446,0,0,0,0,0,0
706,2021-08-19 15:24:55.993153,2021-08-19 15:24:56.903453,0.889707,0.889707,0,0.889707,0,0
707,2021-08-19 15:25:02.406729,2021-08-19 15:25:03.317029,5.503276,5.503276,0,5.503276,3.144549,0
708,2021-08-19 15:24:58.405036,2021-08-19 15:25:04.227329,0,0,0,0,0,0
709,2021-08-19 15:25:04.697591,2021-08-19 15:25:05.607891,0.470262,0.470262,0,0.470262,0,0
710,2021-08-19 15:25:11.226002,2021-08-19 15:25:12.136302,5.618111,5.618111,0,5.618111,3.734138,0
711,2021-08-19 15:25:07.923107,2021-08-19 15:25:13.046602,0,0,0,0,0,0
712,2021-08-19 15:25:13.667276,2021-08-19 15:25:14.577576,0.620674,0.620674,0,0.620674,0,0
713,2021-08-19 15:25:20.052349,2021-08-19 15:25:20.962649,4.550605,5.474773,0.924168,5.474773,3.502532,0
714,2021-08-19 15:25:16.833962,2021-08-19 15:25:21.872949,0,0,0,0,0,0
715,2021-08-19 15:25:22.819074,2021-08-19 15:25:23.729374,0.946125,0.946125,0,0.946125,0,0
716,2021-08-19 15:25:29.121310,2021-08-19 15:25:30.031610,4.454079,5.391936,0.937857,5.391936,3.563047,0
717,2021-08-19 15:25:25.899116,2021-08-19 15:25:30.941910,0,0,0,0,0,0
718,2021-08-19 15:25:31.557832,2021-08-19 15:25:32.468132,0.615922,0.615922,0,0.615922,0,0
719,2021-08-19 15:25:38.406085,2021-08-19 15:25:39.316385,4.368028000000001,5.937953,1.569925,5.937953,3.835384,0
720,2021-08-19 15:25:34.967071,2021-08-19 15:25:40.226685,0,0,0,0,0,0
721,2021-08-19 15:25:40.764572,2021-08-19 15:25:41.674872,0.537887,0.537887,0,0.537887,0,0
722,2021-08-19 15:25:47.519218,2021-08-19 15:25:48.429518,4.310010999999999,5.844346,1.534335,5.844346,3.654374,0
723,2021-08-19 15:25:43.807682,2021-08-19 15:25:49.339818,0,0,0,0,0,0
724,2021-08-19 15:25:49.860612,2021-08-19 15:25:50.770912,0.520794,0.520794,0,0.520794,0,0
725,2021-08-19 15:25:56.976122,2021-08-19 15:25:57.886422,4.714036,6.20521,1.491174,6.20521,3.28956,0
726,2021-08-19 15:25:52.987576,2021-08-19 15:25:58.796722,0,0,0,0,0,0
727,2021-08-19 15:25:58.759867,2021-08-19 15:25:59.707022,0,0,0,0,0,0
728,2021-08-19 15:26:06.023621,2021-08-19 15:26:06.933921,4.612772,6.316599,1.703827,6.316599,3.308362,0
729,2021-08-19 15:26:02.245785,2021-08-19 15:26:07.844221,0,0,0,0,0,0
730,2021-08-19 15:26:07.675793,2021-08-19 15:26:08.754521,0,0,0,0,0,0
731,2021-08-19 15:26:15.095408,2021-08-19 15:26:16.005708,4.655482,6.340887,1.685405,6.340887,3.284161,0
732,2021-08-19 15:26:11.443872,2021-08-19 15:26:16.916008,0,0,0,0,0,0
733,2021-08-19 15:26:16.873467,2021-08-19 15:26:17.826308,0,0,0,0,0,0
734,2021-08-19 15:26:24.108160,2021-08-19 15:26:25.018460,3.644103,6.281852,2.637749,6.281852,3.181632,0
735,2021-08-19 15:26:20.665466,2021-08-19 15:26:25.928760,0,0,0,0,0,0
736,2021-08-19 15:26:26.144083,2021-08-19 15:26:27.054383,0.215323,0.215323,0,0.215323,0,0
737,2021-08-19 15:26:33.018982,2021-08-19 15:26:33.929282,3.25513,5.964599,2.709469,5.964599,3.207175,0
738,2021-08-19 15:26:29.932607,2021-08-19 15:26:34.839582,0,0,0,0,0,0
739,2021-08-19 15:26:35.274426,2021-08-19 15:26:36.184726,0.434844,0.434844,0,0.434844,0,0
740,2021-08-19 15:26:42.484897,2021-08-19 15:26:43.395197,3.5426019999999996,6.300171,2.757569,6.300171,3.482169,0
741,2021-08-19 15:26:38.949541,2021-08-19 15:26:44.305497,0,0,0,0,0,0
742,2021-08-19 15:26:44.287517,2021-08-19 15:26:45.215797,0,0,0,0,0,0
743,2021-08-19 15:26:51.671646,2021-08-19 15:26:52.581946,3.5182879999999996,6.455849,2.937561,6.455849,3.679359,0
744,2021-08-19 15:26:47.998901,2021-08-19 15:26:53.492246,0,0,0,0,0,0
745,2021-08-19 15:26:53.273970,2021-08-19 15:26:54.402546,0,0,0,0,0,0
746,2021-08-19 15:27:00.547248,2021-08-19 15:27:01.457548,3.069819,6.144702,3.074883,6.144702,3.384866,0
747,2021-08-19 15:26:57.146637,2021-08-19 15:27:02.367848,0,0,0,0,0,0
748,2021-08-19 15:27:01.946969,2021-08-19 15:27:03.278148,0,0,0,0,0,0
749,2021-08-19 15:27:09.196087,2021-08-19 15:27:10.106387,2.7479709999999997,5.917939,3.169968,5.917939,3.447015,0
750,2021-08-19 15:27:05.994940,2021-08-19 15:27:11.016687,0,0,0,0,0,0
751,2021-08-19 15:27:11.208949,2021-08-19 15:27:12.119249,0.192262,0.192262,0,0.192262,0,0
752,2021-08-19 15:27:17.970701,2021-08-19 15:27:18.881001,2.237118,5.851452,3.614334,5.851452,3.327312,0.094454
753,2021-08-19 15:27:15.577998,2021-08-19 15:27:19.791301,0,0,0,0,0,0
754,2021-08-19 15:27:20.373379,2021-08-19 15:27:21.283679,0.506106,0.582078,0.075972,0.582078,0,0
755,2021-08-19 15:27:26.791468,2021-08-19 15:27:27.701768,1.6403849999999998,5.507789,3.867404,5.507789,3.16378,0.499574
756,2021-08-19 15:27:24.630518,2021-08-19 15:27:28.612068,0,0,0,0,0,0
757,2021-08-19 15:27:29.155076,2021-08-19 15:27:30.065376,0.291594,0.543008,0.251414,0.543008,0,0
758,2021-08-19 15:27:35.825828,2021-08-19 15:27:36.736128,1.511984,5.760452,4.248468,5.760452,3.506651,0.694125
759,2021-08-19 15:27:33.675321,2021-08-19 15:27:37.646428,0,0,0,0,0,0
760,2021-08-19 15:27:38.070273,2021-08-19 15:27:38.980573,0.11836600000000003,0.423845,0.305479,0.423845,0,0
761,2021-08-19 15:27:45.247649,2021-08-19 15:27:46.157949,1.4456430000000005,6.267076,4.821433,6.267076,3.865264,0.673302
762,2021-08-19 15:27:42.871458,2021-08-19 15:27:47.068249,0,0,0,0,0,0
763,2021-08-19 15:27:47.254926,2021-08-19 15:27:48.165226,0.0,0.186677,0.186677,0.091312,0,0
764,2021-08-19 15:27:54.411524,2021-08-19 15:27:55.321824,1.1283440000000002,6.246298,5.117954,6.246298,3.886639,0.740191
765,2021-08-19 15:27:51.993012,2021-08-19 15:27:56.232124,0,0,0,0,0,0
766,2021-08-19 15:27:56.463895,2021-08-19 15:27:57.374195,0.0,0.231771,0.231771,0,0,0
767,2021-08-19 15:28:03.686812,2021-08-19 15:28:04.597112,1.117489,6.312617,5.195128,6.312617,3.839377,0.722819
768,2021-08-19 15:28:00.806888,2021-08-19 15:28:05.507412,0,0,0,0,0,0
769,2021-08-19 15:28:05.346295,2021-08-19 15:28:06.417712,0,0,0,0,0,0
770,2021-08-19 15:28:12.966594,2021-08-19 15:28:13.876894,1.0933729999999997,6.548882,5.455509,6.548882,5.986024,0.905062
771,2021-08-19 15:28:21.476913,2021-08-19 15:28:22.387213,7.600019,7.600019,0,0,0,7.600019
772,2021-08-19 15:28:15.032501,2021-08-19 15:28:23.297513,0,0,0,0,0,0
773,2021-08-19 15:28:22.354218,2021-08-19 15:28:24.207813,0,0,0,0,0,0
774,2021-08-19 15:28:30.450983,2021-08-19 15:28:31.361283,6.24317,6.24317,0,0,0,6.24317
775,2021-08-19 15:28:23.856039,2021-08-19 15:28:32.271583,0,0,0,0,0,0
776,2021-08-19 15:28:31.301753,2021-08-19 15:28:33.181883,0,0,0,0,0,0
777,2021-08-19 15:28:39.404658,2021-08-19 15:28:40.314958,6.222775,6.222775,0,0,0,6.222775
778,2021-08-19 15:28:33.036967,2021-08-19 15:28:41.225258,0,0,0,0,0,0
779,2021-08-19 15:28:40.338359,2021-08-19 15:28:42.135558,0,0,0,0,0,0
780,2021-08-19 15:28:48.381093,2021-08-19 15:28:49.291393,6.245535,6.245535,0,0,0,6.245535
781,2021-08-19 15:28:41.958794,2021-08-19 15:28:50.201693,0,0,0,0,0,0
782,2021-08-19 15:28:50.495075,2021-08-19 15:28:51.405375,0.293382,0.293382,0,0.293382,0,0
783,2021-08-19 15:28:57.345535,2021-08-19 15:28:58.255835,5.94016,5.94016,0,0,0,5.94016
784,2021-08-19 15:28:51.237007,2021-08-19 15:28:59.166135,0,0,0,0,0,0
785,2021-08-19 15:28:59.359269,2021-08-19 15:29:00.269569,0.193134,0.193134,0,0.193134,0,0
786,2021-08-19 15:29:06.672124,2021-08-19 15:29:07.582424,6.402555,6.402555,0,0,0,6.402555
787,2021-08-19 15:29:00.339181,2021-08-19 15:29:08.492724,0,0,0,0,0,0
788,2021-08-19 15:29:08.754224,2021-08-19 15:29:09.664524,0.2615,0.2615,0,0.2615,0,0
789,2021-08-19 15:29:15.560268,2021-08-19 15:29:16.470568,5.895744,5.895744,0,0,0,5.895744
790,2021-08-19 15:29:09.597003,2021-08-19 15:29:17.380868,0,0,0,0,0,0
791,2021-08-19 15:29:19.624736,2021-08-19 15:29:20.535036,1.4283109999999999,2.243868,0.815557,2.243868,0,0
792,2021-08-19 15:29:31.214934,2021-08-19 15:29:32.125234,10.679898,10.679898,0,0,10.679898,4.074965
793,2021-08-19 15:29:18.430852,2021-08-19 15:29:33.035534,0,0,0,0,0,0
794,2021-08-19 15:29:28.682133,2021-08-19 15:29:33.945834,0,0,0,0,0,0
795,2021-08-19 15:29:40.138469,2021-08-19 15:29:41.048769,6.192635,6.192635,0,0,6.192635,0
796,2021-08-19 15:29:27.146032,2021-08-19 15:29:41.959069,0,0,0,0,0,0
797,2021-08-19 15:29:37.655274,2021-08-19 15:29:42.869369,0,0,0,0,0,0
798,2021-08-19 15:29:49.148990,2021-08-19 15:29:50.059290,6.279621,6.279621,0,0,6.279621,0
799,2021-08-19 15:29:45.013125,2021-08-19 15:29:50.969590,0,0,0,0,0,0
800,2021-08-19 15:29:49.098172,2021-08-19 15:29:51.879890,0,0,0,0,0,0
801,2021-08-19 15:29:58.248645,2021-08-19 15:29:59.158945,6.368755,6.368755,0,0,6.368755,0
802,2021-08-19 15:30:06.051319,2021-08-19 15:30:06.961619,6.892374,6.892374,0,6.892374,0,0
803,2021-08-19 15:29:58.061829,2021-08-19 15:30:07.871919,0,0,0,0,0,0
804,2021-08-19 15:30:06.809580,2021-08-19 15:30:08.782219,0,0,0,0,0,0
805,2021-08-19 15:30:16.633260,2021-08-19 15:30:17.543560,7.851041,7.851041,0,7.851041,0,0
806,2021-08-19 15:30:06.757706,2021-08-19 15:30:18.453860,0,0,0,0,0,0
807,2021-08-19 15:30:15.633130,2021-08-19 15:30:19.364160,0,0,0,0,0,0
808,2021-08-19 15:30:26.698657,2021-08-19 15:30:27.608957,7.334497,7.334497,0,7.334497,0,0
809,2021-08-19 15:30:32.854223,2021-08-19 15:30:33.764523,0.0,5.245266,5.245266,0,0,0
810,2021-08-19 15:30:24.306749,2021-08-19 15:30:34.674823,0,0,0,0,0,0
811,2021-08-19 15:30:38.464554,2021-08-19 15:30:39.374854,3.789731,3.789731,0,0.508555,0,3.789731
812,2021-08-19 15:30:41.720152,2021-08-19 15:30:42.630452,0.0,2.345298,2.345298,0,0,0
813,2021-08-19 15:30:32.759396,2021-08-19 15:30:43.540752,0,0,0,0,0,0
814,2021-08-19 15:30:47.759656,2021-08-19 15:30:48.669956,4.218904,4.218904,0,0.66104,0,4.218904
815,2021-08-19 15:30:50.682930,2021-08-19 15:30:51.593230,0.0,2.012974,2.012974,0,0,0
816,2021-08-19 15:30:44.231782,2021-08-19 15:30:52.503530,0,0,0,0,0,0
817,2021-08-19 15:30:56.723931,2021-08-19 15:30:57.634231,4.220401,4.220401,0,0.822527,0,4.220401
818,2021-08-19 15:30:59.660427,2021-08-19 15:31:00.570727,0.0,2.026196,2.026196,0,0,0
819,2021-08-19 15:30:53.380706,2021-08-19 15:31:01.481027,0,0,0,0,0,0
820,2021-08-19 15:31:05.863775,2021-08-19 15:31:06.774075,4.382748,4.382748,0,1.212196,0,4.382748
821,2021-08-19 15:31:08.535584,2021-08-19 15:31:09.445884,0.0,1.761509,1.761509,0,0,0
822,2021-08-19 15:31:02.349252,2021-08-19 15:31:10.356184,0,0,0,0,0,0
823,2021-08-19 15:31:15.057108,2021-08-19 15:31:15.967408,4.700924,4.700924,0,1.181515,0,4.700924
824,2021-08-19 15:31:17.675996,2021-08-19 15:31:18.586296,0.0,1.708588,1.708588,0,0,0
825,2021-08-19 15:31:11.510116,2021-08-19 15:31:19.496596,0,0,0,0,0,0
826,2021-08-19 15:31:24.241944,2021-08-19 15:31:25.152244,4.745348,4.745348,0,0.738523,0,4.745348
827,2021-08-19 15:31:26.805977,2021-08-19 15:31:27.716277,0.0,1.653733,1.653733,0,0,0
828,2021-08-19 15:31:20.683046,2021-08-19 15:31:28.626577,0,0,0,0,0,0
829,2021-08-19 15:31:33.235050,2021-08-19 15:31:34.145350,4.608473,4.608473,0,0.50816,0,4.608473
830,2021-08-19 15:31:36.282651,2021-08-19 15:31:37.192951,0.0,2.137301,2.137301,0,0,0
831,2021-08-19 15:31:29.732185,2021-08-19 15:31:38.103251,0,0,0,0,0,0
832,2021-08-19 15:31:42.688328,2021-08-19 15:31:43.598628,4.585077,4.585077,0,0,0,4.585077
833,2021-08-19 15:31:45.461643,2021-08-19 15:31:46.371943,0.0,1.863015,1.863015,0,0,0
834,2021-08-19 15:31:38.929491,2021-08-19 15:31:47.282243,0,0,0,0,0,0
835,2021-08-19 15:31:51.925888,2021-08-19 15:31:52.836188,4.643645,4.643645,0,0,0,4.643645
836,2021-08-19 15:31:54.688207,2021-08-19 15:31:55.598507,0.0,1.852019,1.852019,0,0,0
837,2021-08-19 15:31:48.133091,2021-08-19 15:31:56.508807,0,0,0,0,0,0
838,2021-08-19 15:32:01.278501,2021-08-19 15:32:02.188801,4.769694,4.769694,0,0,0,4.769694
839,2021-08-19 15:32:05.578304,2021-08-19 15:32:06.488604,0.0,3.389503,3.389503,0,0,0
840,2021-08-19 15:31:57.844428,2021-08-19 15:32:07.398904,0,0,0,0,0,0
841,2021-08-19 15:32:17.481433,2021-08-19 15:32:18.391733,10.082529,10.082529,0,0,10.082529,2.722181
842,2021-08-19 15:32:14.388144,2021-08-19 15:32:19.302033,0,0,0,0,0,0
843,2021-08-19 15:32:06.929578,2021-08-19 15:32:20.212333,0,0,0,0,0,0
844,2021-08-19 15:32:26.650533,2021-08-19 15:32:27.560833,6.4382,6.4382,0,0,6.4382,0
845,2021-08-19 15:32:23.713699,2021-08-19 15:32:28.471133,0,0,0,0,0,0
846,2021-08-19 15:32:17.169893,2021-08-19 15:32:29.381433,0,0,0,0,0,0
847,2021-08-19 15:32:34.996089,2021-08-19 15:32:35.906389,5.614656,5.614656,0,0,5.614656,0
848,2021-08-19 15:32:31.958108,2021-08-19 15:32:36.816689,0,0,0,0,0,0
849,2021-08-19 15:32:29.663631,2021-08-19 15:32:37.726989,0,0,0,0,0,0
850,2021-08-19 15:32:42.675798,2021-08-19 15:32:43.586098,4.948809,4.948809,0,0,4.948809,0
851,2021-08-19 15:32:39.006718,2021-08-19 15:32:44.496398,0,0,0,0,0,0
